i,t,n,b,CPF
1,1,1,1,0.364
1,1,1,2,0.713
1,1,1,3,0.645
1,1,1,4,0.8
1,1,2,1,0.181
1,1,2,2,0.529
1,1,2,3,0.357
1,1,2,4,0.284
1,2,1,1,0.253
1,2,1,2,0.168
1,2,1,3,0.46
1,2,1,4,0.496
1,2,2,1,0.35
1,2,2,2,0.579
1,2,2,3,0.324
1,2,2,4,0.708
2,1,1,1,0.23
2,1,1,2,0.721
2,1,1,3,0.755
2,1,1,4,0.443
2,1,2,1,0.367
2,1,2,2,0.699
2,1,2,3,0.751
2,1,2,4,0.105
2,2,1,1,0.784
2,2,1,2,0.466
2,2,1,3,0.112
2,2,1,4,0.309
2,2,2,1,0.628
2,2,2,2,0.632
2,2,2,3,0.149
2,2,2,4,0.752
3,1,1,1,0.243
3,1,1,2,0.248
3,1,1,3,0.486
3,1,1,4,0.358
3,1,2,1,0.566
3,1,2,2,0.141
3,1,2,3,0.772
3,1,2,4,0.607
3,2,1,1,0.722
3,2,1,2,0.282
3,2,1,3,0.779
3,2,1,4,0.331
3,2,2,1,0.366
3,2,2,2,0.757
3,2,2,3,0.653
3,2,2,4,0.251
4,1,1,1,0.484
4,1,1,2,0.626
4,1,1,3,0.772
4,1,1,4,0.371
4,1,2,1,0.347
4,1,2,2,0.369
4,1,2,3,0.317
4,1,2,4,0.704
4,2,1,1,0.631
4,2,1,2,0.268
4,2,1,3,0.36
4,2,1,4,0.659
4,2,2,1,0.252
4,2,2,2,0.5
4,2,2,3,0.547
4,2,2,4,0.546
5,1,1,1,0.39
5,1,1,2,0.408
5,1,1,3,0.433
5,1,1,4,0.543
5,1,2,1,0.462
5,1,2,2,0.629
5,1,2,3,0.134
5,1,2,4,0.525
5,2,1,1,0.341
5,2,1,2,0.619
5,2,1,3,0.769
5,2,1,4,0.755
5,2,2,1,0.56
5,2,2,2,0.521
5,2,2,3,0.13
5,2,2,4,0.722
6,1,1,1,0.437
6,1,1,2,0.465
6,1,1,3,0.793
6,1,1,4,0.759
6,1,2,1,0.491
6,1,2,2,0.159
6,1,2,3,0.409
6,1,2,4,0.539
6,2,1,1,0.377
6,2,1,2,0.448
6,2,1,3,0.624
6,2,1,4,0.715
6,2,2,1,0.32
6,2,2,2,0.186
6,2,2,3,0.413
6,2,2,4,0.692
7,1,1,1,0.743
7,1,1,2,0.636
7,1,1,3,0.134
7,1,1,4,0.121
7,1,2,1,0.266
7,1,2,2,0.748
7,1,2,3,0.511
7,1,2,4,0.298
7,2,1,1,0.281
7,2,1,2,0.757
7,2,1,3,0.666
7,2,1,4,0.794
7,2,2,1,0.697
7,2,2,2,0.385
7,2,2,3,0.414
7,2,2,4,0.445
8,1,1,1,0.295
8,1,1,2,0.769
8,1,1,3,0.425
8,1,1,4,0.448
8,1,2,1,0.585
8,1,2,2,0.194
8,1,2,3,0.28
8,1,2,4,0.378
8,2,1,1,0.231
8,2,1,2,0.702
8,2,1,3,0.553
8,2,1,4,0.777
8,2,2,1,0.265
8,2,2,2,0.782
8,2,2,3,0.572
8,2,2,4,0.72
9,1,1,1,0.283
9,1,1,2,0.395
9,1,1,3,0.26
9,1,1,4,0.272
9,1,2,1,0.76
9,1,2,2,0.178
9,1,2,3,0.312
9,1,2,4,0.193
9,2,1,1,0.17
9,2,1,2,0.139
9,2,1,3,0.244
9,2,1,4,0.446
9,2,2,1,0.213
9,2,2,2,0.537
9,2,2,3,0.767
9,2,2,4,0.435
10,1,1,1,0.373
10,1,1,2,0.18
10,1,1,3,0.199
10,1,1,4,0.576
10,1,2,1,0.219
10,1,2,2,0.719
10,1,2,3,0.125
10,1,2,4,0.444
10,2,1,1,0.589
10,2,1,2,0.4
10,2,1,3,0.458
10,2,1,4,0.637
10,2,2,1,0.266
10,2,2,2,0.142
10,2,2,3,0.561
10,2,2,4,0.12
11,1,1,1,0.198
11,1,1,2,0.307
11,1,1,3,0.209
11,1,1,4,0.27
11,1,2,1,0.293
11,1,2,2,0.303
11,1,2,3,0.703
11,1,2,4,0.722
11,2,1,1,0.652
11,2,1,2,0.561
11,2,1,3,0.604
11,2,1,4,0.114
11,2,2,1,0.155
11,2,2,2,0.752
11,2,2,3,0.668
11,2,2,4,0.507
12,1,1,1,0.362
12,1,1,2,0.599
12,1,1,3,0.296
12,1,1,4,0.249
12,1,2,1,0.139
12,1,2,2,0.435
12,1,2,3,0.715
12,1,2,4,0.629
12,2,1,1,0.494
12,2,1,2,0.268
12,2,1,3,0.799
12,2,1,4,0.364
12,2,2,1,0.442
12,2,2,2,0.625
12,2,2,3,0.641
12,2,2,4,0.511
13,1,1,1,0.662
13,1,1,2,0.101
13,1,1,3,0.662
13,1,1,4,0.532
13,1,2,1,0.264
13,1,2,2,0.569
13,1,2,3,0.747
13,1,2,4,0.741
13,2,1,1,0.242
13,2,1,2,0.186
13,2,1,3,0.461
13,2,1,4,0.652
13,2,2,1,0.407
13,2,2,2,0.76
13,2,2,3,0.176
13,2,2,4,0.767
14,1,1,1,0.202
14,1,1,2,0.5
14,1,1,3,0.357
14,1,1,4,0.403
14,1,2,1,0.464
14,1,2,2,0.382
14,1,2,3,0.749
14,1,2,4,0.349
14,2,1,1,0.436
14,2,1,2,0.284
14,2,1,3,0.434
14,2,1,4,0.183
14,2,2,1,0.515
14,2,2,2,0.134
14,2,2,3,0.618
14,2,2,4,0.459
15,1,1,1,0.742
15,1,1,2,0.484
15,1,1,3,0.517
15,1,1,4,0.747
15,1,2,1,0.644
15,1,2,2,0.474
15,1,2,3,0.28
15,1,2,4,0.792
15,2,1,1,0.673
15,2,1,2,0.726
15,2,1,3,0.12
15,2,1,4,0.326
15,2,2,1,0.475
15,2,2,2,0.356
15,2,2,3,0.7
15,2,2,4,0.525
16,1,1,1,0.532
16,1,1,2,0.43
16,1,1,3,0.749
16,1,1,4,0.65
16,1,2,1,0.684
16,1,2,2,0.461
16,1,2,3,0.437
16,1,2,4,0.499
16,2,1,1,0.692
16,2,1,2,0.351
16,2,1,3,0.439
16,2,1,4,0.283
16,2,2,1,0.345
16,2,2,2,0.189
16,2,2,3,0.42
16,2,2,4,0.704
17,1,1,1,0.659
17,1,1,2,0.221
17,1,1,3,0.172
17,1,1,4,0.368
17,1,2,1,0.348
17,1,2,2,0.477
17,1,2,3,0.203
17,1,2,4,0.186
17,2,1,1,0.131
17,2,1,2,0.607
17,2,1,3,0.325
17,2,1,4,0.434
17,2,2,1,0.731
17,2,2,2,0.391
17,2,2,3,0.642
17,2,2,4,0.661
18,1,1,1,0.301
18,1,1,2,0.782
18,1,1,3,0.363
18,1,1,4,0.666
18,1,2,1,0.529
18,1,2,2,0.395
18,1,2,3,0.761
18,1,2,4,0.317
18,2,1,1,0.432
18,2,1,2,0.283
18,2,1,3,0.337
18,2,1,4,0.478
18,2,2,1,0.162
18,2,2,2,0.641
18,2,2,3,0.71
18,2,2,4,0.441
19,1,1,1,0.788
19,1,1,2,0.664
19,1,1,3,0.343
19,1,1,4,0.789
19,1,2,1,0.17
19,1,2,2,0.54
19,1,2,3,0.691
19,1,2,4,0.178
19,2,1,1,0.151
19,2,1,2,0.281
19,2,1,3,0.331
19,2,1,4,0.606
19,2,2,1,0.631
19,2,2,2,0.673
19,2,2,3,0.32
19,2,2,4,0.387
20,1,1,1,0.685
20,1,1,2,0.609
20,1,1,3,0.237
20,1,1,4,0.643
20,1,2,1,0.521
20,1,2,2,0.397
20,1,2,3,0.207
20,1,2,4,0.111
20,2,1,1,0.137
20,2,1,2,0.486
20,2,1,3,0.179
20,2,1,4,0.54
20,2,2,1,0.247
20,2,2,2,0.247
20,2,2,3,0.732
20,2,2,4,0.303
21,1,1,1,0.782
21,1,1,2,0.329
21,1,1,3,0.763
21,1,1,4,0.629
21,1,2,1,0.563
21,1,2,2,0.749
21,1,2,3,0.357
21,1,2,4,0.334
21,2,1,1,0.314
21,2,1,2,0.261
21,2,1,3,0.657
21,2,1,4,0.107
21,2,2,1,0.455
21,2,2,2,0.153
21,2,2,3,0.383
21,2,2,4,0.724
22,1,1,1,0.506
22,1,1,2,0.177
22,1,1,3,0.603
22,1,1,4,0.712
22,1,2,1,0.375
22,1,2,2,0.198
22,1,2,3,0.536
22,1,2,4,0.404
22,2,1,1,0.209
22,2,1,2,0.172
22,2,1,3,0.591
22,2,1,4,0.685
22,2,2,1,0.187
22,2,2,2,0.144
22,2,2,3,0.117
22,2,2,4,0.642
23,1,1,1,0.744
23,1,1,2,0.559
23,1,1,3,0.64
23,1,1,4,0.383
23,1,2,1,0.465
23,1,2,2,0.295
23,1,2,3,0.468
23,1,2,4,0.35
23,2,1,1,0.741
23,2,1,2,0.408
23,2,1,3,0.788
23,2,1,4,0.365
23,2,2,1,0.38
23,2,2,2,0.488
23,2,2,3,0.163
23,2,2,4,0.273
24,1,1,1,0.386
24,1,1,2,0.244
24,1,1,3,0.693
24,1,1,4,0.698
24,1,2,1,0.64
24,1,2,2,0.793
24,1,2,3,0.727
24,1,2,4,0.113
24,2,1,1,0.341
24,2,1,2,0.332
24,2,1,3,0.212
24,2,1,4,0.55
24,2,2,1,0.352
24,2,2,2,0.414
24,2,2,3,0.395
24,2,2,4,0.166
25,1,1,1,0.357
25,1,1,2,0.119
25,1,1,3,0.294
25,1,1,4,0.371
25,1,2,1,0.706
25,1,2,2,0.353
25,1,2,3,0.564
25,1,2,4,0.355
25,2,1,1,0.561
25,2,1,2,0.164
25,2,1,3,0.103
25,2,1,4,0.788
25,2,2,1,0.385
25,2,2,2,0.737
25,2,2,3,0.518
25,2,2,4,0.387
26,1,1,1,0.525
26,1,1,2,0.471
26,1,1,3,0.554
26,1,1,4,0.233
26,1,2,1,0.523
26,1,2,2,0.737
26,1,2,3,0.332
26,1,2,4,0.119
26,2,1,1,0.537
26,2,1,2,0.59
26,2,1,3,0.174
26,2,1,4,0.509
26,2,2,1,0.457
26,2,2,2,0.189
26,2,2,3,0.4
26,2,2,4,0.72
27,1,1,1,0.582
27,1,1,2,0.621
27,1,1,3,0.445
27,1,1,4,0.71
27,1,2,1,0.785
27,1,2,2,0.445
27,1,2,3,0.724
27,1,2,4,0.503
27,2,1,1,0.167
27,2,1,2,0.527
27,2,1,3,0.56
27,2,1,4,0.459
27,2,2,1,0.572
27,2,2,2,0.107
27,2,2,3,0.573
27,2,2,4,0.68
28,1,1,1,0.232
28,1,1,2,0.485
28,1,1,3,0.352
28,1,1,4,0.365
28,1,2,1,0.267
28,1,2,2,0.264
28,1,2,3,0.249
28,1,2,4,0.337
28,2,1,1,0.275
28,2,1,2,0.532
28,2,1,3,0.681
28,2,1,4,0.404
28,2,2,1,0.558
28,2,2,2,0.446
28,2,2,3,0.52
28,2,2,4,0.513
29,1,1,1,0.351
29,1,1,2,0.643
29,1,1,3,0.19
29,1,1,4,0.23
29,1,2,1,0.188
29,1,2,2,0.782
29,1,2,3,0.178
29,1,2,4,0.318
29,2,1,1,0.608
29,2,1,2,0.452
29,2,1,3,0.477
29,2,1,4,0.443
29,2,2,1,0.146
29,2,2,2,0.637
29,2,2,3,0.786
29,2,2,4,0.366
30,1,1,1,0.299
30,1,1,2,0.341
30,1,1,3,0.157
30,1,1,4,0.697
30,1,2,1,0.717
30,1,2,2,0.361
30,1,2,3,0.755
30,1,2,4,0.785
30,2,1,1,0.215
30,2,1,2,0.697
30,2,1,3,0.596
30,2,1,4,0.382
30,2,2,1,0.759
30,2,2,2,0.194
30,2,2,3,0.276
30,2,2,4,0.407
31,1,1,1,0.383
31,1,1,2,0.514
31,1,1,3,0.102
31,1,1,4,0.274
31,1,2,1,0.627
31,1,2,2,0.28
31,1,2,3,0.664
31,1,2,4,0.25
31,2,1,1,0.665
31,2,1,2,0.512
31,2,1,3,0.223
31,2,1,4,0.195
31,2,2,1,0.161
31,2,2,2,0.195
31,2,2,3,0.245
31,2,2,4,0.256
32,1,1,1,0.641
32,1,1,2,0.261
32,1,1,3,0.53
32,1,1,4,0.19
32,1,2,1,0.251
32,1,2,2,0.147
32,1,2,3,0.304
32,1,2,4,0.19
32,2,1,1,0.159
32,2,1,2,0.297
32,2,1,3,0.617
32,2,1,4,0.376
32,2,2,1,0.726
32,2,2,2,0.608
32,2,2,3,0.544
32,2,2,4,0.537
33,1,1,1,0.3
33,1,1,2,0.408
33,1,1,3,0.159
33,1,1,4,0.319
33,1,2,1,0.574
33,1,2,2,0.578
33,1,2,3,0.166
33,1,2,4,0.507
33,2,1,1,0.35
33,2,1,2,0.302
33,2,1,3,0.229
33,2,1,4,0.479
33,2,2,1,0.623
33,2,2,2,0.114
33,2,2,3,0.243
33,2,2,4,0.47
34,1,1,1,0.222
34,1,1,2,0.41
34,1,1,3,0.643
34,1,1,4,0.49
34,1,2,1,0.343
34,1,2,2,0.455
34,1,2,3,0.602
34,1,2,4,0.257
34,2,1,1,0.301
34,2,1,2,0.494
34,2,1,3,0.202
34,2,1,4,0.683
34,2,2,1,0.652
34,2,2,2,0.455
34,2,2,3,0.281
34,2,2,4,0.39
35,1,1,1,0.377
35,1,1,2,0.371
35,1,1,3,0.594
35,1,1,4,0.675
35,1,2,1,0.124
35,1,2,2,0.133
35,1,2,3,0.427
35,1,2,4,0.602
35,2,1,1,0.788
35,2,1,2,0.533
35,2,1,3,0.337
35,2,1,4,0.361
35,2,2,1,0.289
35,2,2,2,0.632
35,2,2,3,0.734
35,2,2,4,0.441
36,1,1,1,0.211
36,1,1,2,0.443
36,1,1,3,0.315
36,1,1,4,0.575
36,1,2,1,0.424
36,1,2,2,0.151
36,1,2,3,0.336
36,1,2,4,0.682
36,2,1,1,0.715
36,2,1,2,0.253
36,2,1,3,0.14
36,2,1,4,0.665
36,2,2,1,0.206
36,2,2,2,0.611
36,2,2,3,0.773
36,2,2,4,0.382
37,1,1,1,0.587
37,1,1,2,0.5
37,1,1,3,0.62
37,1,1,4,0.138
37,1,2,1,0.157
37,1,2,2,0.167
37,1,2,3,0.782
37,1,2,4,0.285
37,2,1,1,0.577
37,2,1,2,0.657
37,2,1,3,0.442
37,2,1,4,0.713
37,2,2,1,0.491
37,2,2,2,0.622
37,2,2,3,0.704
37,2,2,4,0.169
38,1,1,1,0.158
38,1,1,2,0.287
38,1,1,3,0.147
38,1,1,4,0.501
38,1,2,1,0.781
38,1,2,2,0.532
38,1,2,3,0.749
38,1,2,4,0.746
38,2,1,1,0.778
38,2,1,2,0.374
38,2,1,3,0.465
38,2,1,4,0.363
38,2,2,1,0.375
38,2,2,2,0.263
38,2,2,3,0.597
38,2,2,4,0.721
39,1,1,1,0.544
39,1,1,2,0.387
39,1,1,3,0.643
39,1,1,4,0.593
39,1,2,1,0.105
39,1,2,2,0.523
39,1,2,3,0.298
39,1,2,4,0.174
39,2,1,1,0.267
39,2,1,2,0.132
39,2,1,3,0.354
39,2,1,4,0.504
39,2,2,1,0.567
39,2,2,2,0.666
39,2,2,3,0.725
39,2,2,4,0.435
40,1,1,1,0.742
40,1,1,2,0.192
40,1,1,3,0.23
40,1,1,4,0.237
40,1,2,1,0.223
40,1,2,2,0.144
40,1,2,3,0.423
40,1,2,4,0.527
40,2,1,1,0.559
40,2,1,2,0.248
40,2,1,3,0.369
40,2,1,4,0.199
40,2,2,1,0.671
40,2,2,2,0.142
40,2,2,3,0.197
40,2,2,4,0.283
41,1,1,1,0.363
41,1,1,2,0.679
41,1,1,3,0.305
41,1,1,4,0.648
41,1,2,1,0.78
41,1,2,2,0.767
41,1,2,3,0.541
41,1,2,4,0.644
41,2,1,1,0.241
41,2,1,2,0.395
41,2,1,3,0.445
41,2,1,4,0.79
41,2,2,1,0.139
41,2,2,2,0.515
41,2,2,3,0.462
41,2,2,4,0.11
42,1,1,1,0.261
42,1,1,2,0.701
42,1,1,3,0.727
42,1,1,4,0.32
42,1,2,1,0.669
42,1,2,2,0.485
42,1,2,3,0.211
42,1,2,4,0.437
42,2,1,1,0.632
42,2,1,2,0.523
42,2,1,3,0.7
42,2,1,4,0.517
42,2,2,1,0.223
42,2,2,2,0.105
42,2,2,3,0.319
42,2,2,4,0.539
43,1,1,1,0.386
43,1,1,2,0.609
43,1,1,3,0.31
43,1,1,4,0.753
43,1,2,1,0.269
43,1,2,2,0.15
43,1,2,3,0.634
43,1,2,4,0.192
43,2,1,1,0.159
43,2,1,2,0.746
43,2,1,3,0.784
43,2,1,4,0.527
43,2,2,1,0.479
43,2,2,2,0.552
43,2,2,3,0.565
43,2,2,4,0.761
44,1,1,1,0.742
44,1,1,2,0.315
44,1,1,3,0.547
44,1,1,4,0.471
44,1,2,1,0.597
44,1,2,2,0.516
44,1,2,3,0.787
44,1,2,4,0.669
44,2,1,1,0.498
44,2,1,2,0.32
44,2,1,3,0.146
44,2,1,4,0.686
44,2,2,1,0.139
44,2,2,2,0.178
44,2,2,3,0.25
44,2,2,4,0.668
45,1,1,1,0.73
45,1,1,2,0.675
45,1,1,3,0.739
45,1,1,4,0.14
45,1,2,1,0.655
45,1,2,2,0.365
45,1,2,3,0.181
45,1,2,4,0.589
45,2,1,1,0.128
45,2,1,2,0.338
45,2,1,3,0.234
45,2,1,4,0.647
45,2,2,1,0.449
45,2,2,2,0.139
45,2,2,3,0.673
45,2,2,4,0.408
46,1,1,1,0.434
46,1,1,2,0.476
46,1,1,3,0.624
46,1,1,4,0.572
46,1,2,1,0.552
46,1,2,2,0.105
46,1,2,3,0.197
46,1,2,4,0.405
46,2,1,1,0.526
46,2,1,2,0.542
46,2,1,3,0.558
46,2,1,4,0.329
46,2,2,1,0.395
46,2,2,2,0.524
46,2,2,3,0.645
46,2,2,4,0.478
47,1,1,1,0.547
47,1,1,2,0.334
47,1,1,3,0.359
47,1,1,4,0.186
47,1,2,1,0.734
47,1,2,2,0.245
47,1,2,3,0.591
47,1,2,4,0.206
47,2,1,1,0.464
47,2,1,2,0.436
47,2,1,3,0.502
47,2,1,4,0.268
47,2,2,1,0.729
47,2,2,2,0.658
47,2,2,3,0.496
47,2,2,4,0.78
48,1,1,1,0.724
48,1,1,2,0.213
48,1,1,3,0.65
48,1,1,4,0.152
48,1,2,1,0.332
48,1,2,2,0.421
48,1,2,3,0.614
48,1,2,4,0.743
48,2,1,1,0.7
48,2,1,2,0.539
48,2,1,3,0.527
48,2,1,4,0.593
48,2,2,1,0.535
48,2,2,2,0.726
48,2,2,3,0.669
48,2,2,4,0.534
49,1,1,1,0.501
49,1,1,2,0.185
49,1,1,3,0.428
49,1,1,4,0.266
49,1,2,1,0.568
49,1,2,2,0.751
49,1,2,3,0.783
49,1,2,4,0.409
49,2,1,1,0.297
49,2,1,2,0.39
49,2,1,3,0.564
49,2,1,4,0.344
49,2,2,1,0.254
49,2,2,2,0.44
49,2,2,3,0.419
49,2,2,4,0.123
50,1,1,1,0.2
50,1,1,2,0.341
50,1,1,3,0.266
50,1,1,4,0.577
50,1,2,1,0.321
50,1,2,2,0.307
50,1,2,3,0.258
50,1,2,4,0.555
50,2,1,1,0.79
50,2,1,2,0.339
50,2,1,3,0.688
50,2,1,4,0.344
50,2,2,1,0.142
50,2,2,2,0.624
50,2,2,3,0.147
50,2,2,4,0.319
51,1,1,1,0.42
51,1,1,2,0.301
51,1,1,3,0.641
51,1,1,4,0.552
51,1,2,1,0.596
51,1,2,2,0.743
51,1,2,3,0.679
51,1,2,4,0.439
51,2,1,1,0.737
51,2,1,2,0.116
51,2,1,3,0.117
51,2,1,4,0.588
51,2,2,1,0.39
51,2,2,2,0.64
51,2,2,3,0.779
51,2,2,4,0.47
52,1,1,1,0.428
52,1,1,2,0.718
52,1,1,3,0.291
52,1,1,4,0.124
52,1,2,1,0.199
52,1,2,2,0.492
52,1,2,3,0.6
52,1,2,4,0.247
52,2,1,1,0.785
52,2,1,2,0.224
52,2,1,3,0.618
52,2,1,4,0.498
52,2,2,1,0.233
52,2,2,2,0.525
52,2,2,3,0.551
52,2,2,4,0.685
53,1,1,1,0.315
53,1,1,2,0.319
53,1,1,3,0.709
53,1,1,4,0.435
53,1,2,1,0.591
53,1,2,2,0.419
53,1,2,3,0.348
53,1,2,4,0.172
53,2,1,1,0.197
53,2,1,2,0.313
53,2,1,3,0.241
53,2,1,4,0.718
53,2,2,1,0.53
53,2,2,2,0.29
53,2,2,3,0.534
53,2,2,4,0.266
54,1,1,1,0.265
54,1,1,2,0.791
54,1,1,3,0.753
54,1,1,4,0.571
54,1,2,1,0.414
54,1,2,2,0.789
54,1,2,3,0.12
54,1,2,4,0.285
54,2,1,1,0.645
54,2,1,2,0.611
54,2,1,3,0.146
54,2,1,4,0.338
54,2,2,1,0.586
54,2,2,2,0.12
54,2,2,3,0.163
54,2,2,4,0.627
55,1,1,1,0.456
55,1,1,2,0.762
55,1,1,3,0.276
55,1,1,4,0.149
55,1,2,1,0.135
55,1,2,2,0.227
55,1,2,3,0.257
55,1,2,4,0.528
55,2,1,1,0.328
55,2,1,2,0.214
55,2,1,3,0.135
55,2,1,4,0.23
55,2,2,1,0.2
55,2,2,2,0.67
55,2,2,3,0.344
55,2,2,4,0.674
56,1,1,1,0.476
56,1,1,2,0.131
56,1,1,3,0.422
56,1,1,4,0.354
56,1,2,1,0.336
56,1,2,2,0.436
56,1,2,3,0.245
56,1,2,4,0.787
56,2,1,1,0.786
56,2,1,2,0.705
56,2,1,3,0.153
56,2,1,4,0.235
56,2,2,1,0.119
56,2,2,2,0.462
56,2,2,3,0.204
56,2,2,4,0.359
57,1,1,1,0.328
57,1,1,2,0.716
57,1,1,3,0.689
57,1,1,4,0.347
57,1,2,1,0.638
57,1,2,2,0.351
57,1,2,3,0.302
57,1,2,4,0.394
57,2,1,1,0.359
57,2,1,2,0.265
57,2,1,3,0.172
57,2,1,4,0.313
57,2,2,1,0.667
57,2,2,2,0.593
57,2,2,3,0.151
57,2,2,4,0.379
58,1,1,1,0.676
58,1,1,2,0.198
58,1,1,3,0.531
58,1,1,4,0.366
58,1,2,1,0.213
58,1,2,2,0.415
58,1,2,3,0.705
58,1,2,4,0.282
58,2,1,1,0.549
58,2,1,2,0.253
58,2,1,3,0.241
58,2,1,4,0.206
58,2,2,1,0.296
58,2,2,2,0.577
58,2,2,3,0.56
58,2,2,4,0.654
59,1,1,1,0.502
59,1,1,2,0.611
59,1,1,3,0.382
59,1,1,4,0.483
59,1,2,1,0.14
59,1,2,2,0.112
59,1,2,3,0.316
59,1,2,4,0.198
59,2,1,1,0.294
59,2,1,2,0.369
59,2,1,3,0.189
59,2,1,4,0.27
59,2,2,1,0.687
59,2,2,2,0.652
59,2,2,3,0.284
59,2,2,4,0.172
60,1,1,1,0.695
60,1,1,2,0.767
60,1,1,3,0.588
60,1,1,4,0.626
60,1,2,1,0.403
60,1,2,2,0.718
60,1,2,3,0.301
60,1,2,4,0.789
60,2,1,1,0.463
60,2,1,2,0.35
60,2,1,3,0.548
60,2,1,4,0.233
60,2,2,1,0.454
60,2,2,2,0.185
60,2,2,3,0.453
60,2,2,4,0.252
61,1,1,1,0.344
61,1,1,2,0.466
61,1,1,3,0.626
61,1,1,4,0.167
61,1,2,1,0.592
61,1,2,2,0.21
61,1,2,3,0.623
61,1,2,4,0.399
61,2,1,1,0.489
61,2,1,2,0.485
61,2,1,3,0.744
61,2,1,4,0.729
61,2,2,1,0.483
61,2,2,2,0.335
61,2,2,3,0.743
61,2,2,4,0.769
62,1,1,1,0.149
62,1,1,2,0.526
62,1,1,3,0.392
62,1,1,4,0.655
62,1,2,1,0.2
62,1,2,2,0.613
62,1,2,3,0.72
62,1,2,4,0.687
62,2,1,1,0.596
62,2,1,2,0.113
62,2,1,3,0.231
62,2,1,4,0.713
62,2,2,1,0.3
62,2,2,2,0.318
62,2,2,3,0.17
62,2,2,4,0.436
63,1,1,1,0.63
63,1,1,2,0.63
63,1,1,3,0.198
63,1,1,4,0.225
63,1,2,1,0.28
63,1,2,2,0.445
63,1,2,3,0.302
63,1,2,4,0.697
63,2,1,1,0.615
63,2,1,2,0.14
63,2,1,3,0.254
63,2,1,4,0.516
63,2,2,1,0.428
63,2,2,2,0.162
63,2,2,3,0.49
63,2,2,4,0.607
64,1,1,1,0.159
64,1,1,2,0.649
64,1,1,3,0.397
64,1,1,4,0.431
64,1,2,1,0.326
64,1,2,2,0.723
64,1,2,3,0.375
64,1,2,4,0.464
64,2,1,1,0.167
64,2,1,2,0.287
64,2,1,3,0.155
64,2,1,4,0.174
64,2,2,1,0.524
64,2,2,2,0.352
64,2,2,3,0.344
64,2,2,4,0.241
65,1,1,1,0.759
65,1,1,2,0.726
65,1,1,3,0.697
65,1,1,4,0.194
65,1,2,1,0.323
65,1,2,2,0.486
65,1,2,3,0.615
65,1,2,4,0.551
65,2,1,1,0.252
65,2,1,2,0.279
65,2,1,3,0.309
65,2,1,4,0.158
65,2,2,1,0.712
65,2,2,2,0.418
65,2,2,3,0.125
65,2,2,4,0.335
66,1,1,1,0.522
66,1,1,2,0.668
66,1,1,3,0.65
66,1,1,4,0.18
66,1,2,1,0.33
66,1,2,2,0.679
66,1,2,3,0.491
66,1,2,4,0.585
66,2,1,1,0.573
66,2,1,2,0.169
66,2,1,3,0.373
66,2,1,4,0.464
66,2,2,1,0.104
66,2,2,2,0.466
66,2,2,3,0.42
66,2,2,4,0.113
67,1,1,1,0.282
67,1,1,2,0.673
67,1,1,3,0.486
67,1,1,4,0.614
67,1,2,1,0.42
67,1,2,2,0.737
67,1,2,3,0.769
67,1,2,4,0.596
67,2,1,1,0.466
67,2,1,2,0.571
67,2,1,3,0.442
67,2,1,4,0.543
67,2,2,1,0.328
67,2,2,2,0.546
67,2,2,3,0.226
67,2,2,4,0.13
68,1,1,1,0.609
68,1,1,2,0.312
68,1,1,3,0.501
68,1,1,4,0.699
68,1,2,1,0.264
68,1,2,2,0.672
68,1,2,3,0.489
68,1,2,4,0.47
68,2,1,1,0.441
68,2,1,2,0.164
68,2,1,3,0.222
68,2,1,4,0.496
68,2,2,1,0.555
68,2,2,2,0.4
68,2,2,3,0.438
68,2,2,4,0.579
69,1,1,1,0.592
69,1,1,2,0.407
69,1,1,3,0.265
69,1,1,4,0.33
69,1,2,1,0.465
69,1,2,2,0.191
69,1,2,3,0.286
69,1,2,4,0.621
69,2,1,1,0.164
69,2,1,2,0.269
69,2,1,3,0.743
69,2,1,4,0.387
69,2,2,1,0.507
69,2,2,2,0.313
69,2,2,3,0.185
69,2,2,4,0.689
70,1,1,1,0.611
70,1,1,2,0.431
70,1,1,3,0.666
70,1,1,4,0.785
70,1,2,1,0.37
70,1,2,2,0.705
70,1,2,3,0.314
70,1,2,4,0.305
70,2,1,1,0.345
70,2,1,2,0.665
70,2,1,3,0.727
70,2,1,4,0.197
70,2,2,1,0.595
70,2,2,2,0.202
70,2,2,3,0.716
70,2,2,4,0.727
71,1,1,1,0.196
71,1,1,2,0.594
71,1,1,3,0.334
71,1,1,4,0.778
71,1,2,1,0.218
71,1,2,2,0.68
71,1,2,3,0.173
71,1,2,4,0.654
71,2,1,1,0.781
71,2,1,2,0.633
71,2,1,3,0.415
71,2,1,4,0.533
71,2,2,1,0.431
71,2,2,2,0.418
71,2,2,3,0.436
71,2,2,4,0.588
72,1,1,1,0.446
72,1,1,2,0.289
72,1,1,3,0.335
72,1,1,4,0.328
72,1,2,1,0.591
72,1,2,2,0.41
72,1,2,3,0.562
72,1,2,4,0.614
72,2,1,1,0.781
72,2,1,2,0.158
72,2,1,3,0.354
72,2,1,4,0.102
72,2,2,1,0.616
72,2,2,2,0.364
72,2,2,3,0.362
72,2,2,4,0.429
73,1,1,1,0.442
73,1,1,2,0.38
73,1,1,3,0.384
73,1,1,4,0.483
73,1,2,1,0.235
73,1,2,2,0.771
73,1,2,3,0.313
73,1,2,4,0.704
73,2,1,1,0.789
73,2,1,2,0.353
73,2,1,3,0.38
73,2,1,4,0.723
73,2,2,1,0.778
73,2,2,2,0.791
73,2,2,3,0.277
73,2,2,4,0.478
74,1,1,1,0.642
74,1,1,2,0.738
74,1,1,3,0.676
74,1,1,4,0.797
74,1,2,1,0.204
74,1,2,2,0.524
74,1,2,3,0.652
74,1,2,4,0.221
74,2,1,1,0.355
74,2,1,2,0.245
74,2,1,3,0.75
74,2,1,4,0.773
74,2,2,1,0.532
74,2,2,2,0.413
74,2,2,3,0.594
74,2,2,4,0.768
75,1,1,1,0.296
75,1,1,2,0.389
75,1,1,3,0.643
75,1,1,4,0.577
75,1,2,1,0.392
75,1,2,2,0.758
75,1,2,3,0.422
75,1,2,4,0.464
75,2,1,1,0.767
75,2,1,2,0.327
75,2,1,3,0.742
75,2,1,4,0.661
75,2,2,1,0.4
75,2,2,2,0.244
75,2,2,3,0.217
75,2,2,4,0.636
76,1,1,1,0.397
76,1,1,2,0.239
76,1,1,3,0.403
76,1,1,4,0.334
76,1,2,1,0.16
76,1,2,2,0.678
76,1,2,3,0.115
76,1,2,4,0.253
76,2,1,1,0.309
76,2,1,2,0.728
76,2,1,3,0.731
76,2,1,4,0.111
76,2,2,1,0.175
76,2,2,2,0.384
76,2,2,3,0.138
76,2,2,4,0.173
77,1,1,1,0.366
77,1,1,2,0.573
77,1,1,3,0.337
77,1,1,4,0.638
77,1,2,1,0.764
77,1,2,2,0.606
77,1,2,3,0.366
77,1,2,4,0.645
77,2,1,1,0.72
77,2,1,2,0.543
77,2,1,3,0.426
77,2,1,4,0.481
77,2,2,1,0.591
77,2,2,2,0.678
77,2,2,3,0.256
77,2,2,4,0.342
78,1,1,1,0.378
78,1,1,2,0.684
78,1,1,3,0.581
78,1,1,4,0.404
78,1,2,1,0.341
78,1,2,2,0.67
78,1,2,3,0.681
78,1,2,4,0.407
78,2,1,1,0.593
78,2,1,2,0.181
78,2,1,3,0.53
78,2,1,4,0.322
78,2,2,1,0.111
78,2,2,2,0.351
78,2,2,3,0.388
78,2,2,4,0.782
79,1,1,1,0.296
79,1,1,2,0.519
79,1,1,3,0.1
79,1,1,4,0.282
79,1,2,1,0.694
79,1,2,2,0.191
79,1,2,3,0.165
79,1,2,4,0.113
79,2,1,1,0.333
79,2,1,2,0.574
79,2,1,3,0.358
79,2,1,4,0.689
79,2,2,1,0.762
79,2,2,2,0.349
79,2,2,3,0.17
79,2,2,4,0.244
80,1,1,1,0.656
80,1,1,2,0.244
80,1,1,3,0.507
80,1,1,4,0.412
80,1,2,1,0.328
80,1,2,2,0.795
80,1,2,3,0.545
80,1,2,4,0.331
80,2,1,1,0.291
80,2,1,2,0.756
80,2,1,3,0.609
80,2,1,4,0.242
80,2,2,1,0.743
80,2,2,2,0.37
80,2,2,3,0.497
80,2,2,4,0.758
81,1,1,1,0.145
81,1,1,2,0.206
81,1,1,3,0.25
81,1,1,4,0.708
81,1,2,1,0.418
81,1,2,2,0.419
81,1,2,3,0.273
81,1,2,4,0.595
81,2,1,1,0.577
81,2,1,2,0.785
81,2,1,3,0.185
81,2,1,4,0.548
81,2,2,1,0.505
81,2,2,2,0.285
81,2,2,3,0.661
81,2,2,4,0.193
82,1,1,1,0.707
82,1,1,2,0.575
82,1,1,3,0.415
82,1,1,4,0.343
82,1,2,1,0.142
82,1,2,2,0.312
82,1,2,3,0.673
82,1,2,4,0.135
82,2,1,1,0.225
82,2,1,2,0.141
82,2,1,3,0.324
82,2,1,4,0.118
82,2,2,1,0.238
82,2,2,2,0.317
82,2,2,3,0.721
82,2,2,4,0.225
83,1,1,1,0.602
83,1,1,2,0.434
83,1,1,3,0.131
83,1,1,4,0.741
83,1,2,1,0.738
83,1,2,2,0.192
83,1,2,3,0.542
83,1,2,4,0.648
83,2,1,1,0.607
83,2,1,2,0.64
83,2,1,3,0.659
83,2,1,4,0.717
83,2,2,1,0.143
83,2,2,2,0.235
83,2,2,3,0.782
83,2,2,4,0.706
84,1,1,1,0.148
84,1,1,2,0.424
84,1,1,3,0.167
84,1,1,4,0.187
84,1,2,1,0.3
84,1,2,2,0.715
84,1,2,3,0.137
84,1,2,4,0.368
84,2,1,1,0.43
84,2,1,2,0.65
84,2,1,3,0.798
84,2,1,4,0.326
84,2,2,1,0.146
84,2,2,2,0.569
84,2,2,3,0.337
84,2,2,4,0.754
85,1,1,1,0.726
85,1,1,2,0.339
85,1,1,3,0.669
85,1,1,4,0.778
85,1,2,1,0.783
85,1,2,2,0.615
85,1,2,3,0.687
85,1,2,4,0.145
85,2,1,1,0.38
85,2,1,2,0.75
85,2,1,3,0.786
85,2,1,4,0.239
85,2,2,1,0.193
85,2,2,2,0.349
85,2,2,3,0.13
85,2,2,4,0.52
86,1,1,1,0.229
86,1,1,2,0.531
86,1,1,3,0.66
86,1,1,4,0.381
86,1,2,1,0.714
86,1,2,2,0.364
86,1,2,3,0.327
86,1,2,4,0.167
86,2,1,1,0.645
86,2,1,2,0.155
86,2,1,3,0.8
86,2,1,4,0.49
86,2,2,1,0.113
86,2,2,2,0.101
86,2,2,3,0.727
86,2,2,4,0.725
87,1,1,1,0.18
87,1,1,2,0.743
87,1,1,3,0.21
87,1,1,4,0.145
87,1,2,1,0.103
87,1,2,2,0.233
87,1,2,3,0.67
87,1,2,4,0.281
87,2,1,1,0.614
87,2,1,2,0.727
87,2,1,3,0.146
87,2,1,4,0.754
87,2,2,1,0.334
87,2,2,2,0.567
87,2,2,3,0.367
87,2,2,4,0.146
88,1,1,1,0.742
88,1,1,2,0.78
88,1,1,3,0.787
88,1,1,4,0.156
88,1,2,1,0.778
88,1,2,2,0.645
88,1,2,3,0.553
88,1,2,4,0.426
88,2,1,1,0.129
88,2,1,2,0.495
88,2,1,3,0.549
88,2,1,4,0.286
88,2,2,1,0.602
88,2,2,2,0.108
88,2,2,3,0.128
88,2,2,4,0.387
89,1,1,1,0.647
89,1,1,2,0.493
89,1,1,3,0.452
89,1,1,4,0.693
89,1,2,1,0.654
89,1,2,2,0.62
89,1,2,3,0.351
89,1,2,4,0.232
89,2,1,1,0.51
89,2,1,2,0.301
89,2,1,3,0.745
89,2,1,4,0.413
89,2,2,1,0.352
89,2,2,2,0.307
89,2,2,3,0.463
89,2,2,4,0.306
90,1,1,1,0.72
90,1,1,2,0.695
90,1,1,3,0.315
90,1,1,4,0.718
90,1,2,1,0.227
90,1,2,2,0.357
90,1,2,3,0.3
90,1,2,4,0.515
90,2,1,1,0.607
90,2,1,2,0.622
90,2,1,3,0.273
90,2,1,4,0.576
90,2,2,1,0.773
90,2,2,2,0.606
90,2,2,3,0.679
90,2,2,4,0.522
91,1,1,1,0.59
91,1,1,2,0.206
91,1,1,3,0.326
91,1,1,4,0.682
91,1,2,1,0.245
91,1,2,2,0.503
91,1,2,3,0.3
91,1,2,4,0.446
91,2,1,1,0.546
91,2,1,2,0.773
91,2,1,3,0.379
91,2,1,4,0.484
91,2,2,1,0.258
91,2,2,2,0.414
91,2,2,3,0.355
91,2,2,4,0.762
92,1,1,1,0.626
92,1,1,2,0.489
92,1,1,3,0.24
92,1,1,4,0.543
92,1,2,1,0.769
92,1,2,2,0.593
92,1,2,3,0.218
92,1,2,4,0.474
92,2,1,1,0.448
92,2,1,2,0.254
92,2,1,3,0.698
92,2,1,4,0.51
92,2,2,1,0.696
92,2,2,2,0.215
92,2,2,3,0.737
92,2,2,4,0.763
93,1,1,1,0.134
93,1,1,2,0.594
93,1,1,3,0.171
93,1,1,4,0.659
93,1,2,1,0.293
93,1,2,2,0.475
93,1,2,3,0.193
93,1,2,4,0.793
93,2,1,1,0.34
93,2,1,2,0.637
93,2,1,3,0.363
93,2,1,4,0.628
93,2,2,1,0.659
93,2,2,2,0.297
93,2,2,3,0.616
93,2,2,4,0.491
94,1,1,1,0.178
94,1,1,2,0.194
94,1,1,3,0.292
94,1,1,4,0.216
94,1,2,1,0.183
94,1,2,2,0.347
94,1,2,3,0.639
94,1,2,4,0.776
94,2,1,1,0.367
94,2,1,2,0.385
94,2,1,3,0.416
94,2,1,4,0.565
94,2,2,1,0.496
94,2,2,2,0.387
94,2,2,3,0.428
94,2,2,4,0.237
95,1,1,1,0.157
95,1,1,2,0.795
95,1,1,3,0.286
95,1,1,4,0.798
95,1,2,1,0.732
95,1,2,2,0.514
95,1,2,3,0.633
95,1,2,4,0.413
95,2,1,1,0.732
95,2,1,2,0.472
95,2,1,3,0.662
95,2,1,4,0.355
95,2,2,1,0.404
95,2,2,2,0.182
95,2,2,3,0.377
95,2,2,4,0.33
96,1,1,1,0.305
96,1,1,2,0.347
96,1,1,3,0.429
96,1,1,4,0.104
96,1,2,1,0.358
96,1,2,2,0.405
96,1,2,3,0.237
96,1,2,4,0.537
96,2,1,1,0.541
96,2,1,2,0.199
96,2,1,3,0.357
96,2,1,4,0.241
96,2,2,1,0.134
96,2,2,2,0.113
96,2,2,3,0.22
96,2,2,4,0.266
97,1,1,1,0.211
97,1,1,2,0.638
97,1,1,3,0.6
97,1,1,4,0.735
97,1,2,1,0.63
97,1,2,2,0.606
97,1,2,3,0.786
97,1,2,4,0.752
97,2,1,1,0.706
97,2,1,2,0.627
97,2,1,3,0.191
97,2,1,4,0.741
97,2,2,1,0.507
97,2,2,2,0.296
97,2,2,3,0.249
97,2,2,4,0.142
98,1,1,1,0.537
98,1,1,2,0.521
98,1,1,3,0.227
98,1,1,4,0.494
98,1,2,1,0.696
98,1,2,2,0.781
98,1,2,3,0.288
98,1,2,4,0.739
98,2,1,1,0.775
98,2,1,2,0.453
98,2,1,3,0.354
98,2,1,4,0.732
98,2,2,1,0.248
98,2,2,2,0.264
98,2,2,3,0.481
98,2,2,4,0.131
99,1,1,1,0.784
99,1,1,2,0.438
99,1,1,3,0.188
99,1,1,4,0.377
99,1,2,1,0.684
99,1,2,2,0.743
99,1,2,3,0.337
99,1,2,4,0.339
99,2,1,1,0.371
99,2,1,2,0.24
99,2,1,3,0.758
99,2,1,4,0.166
99,2,2,1,0.304
99,2,2,2,0.376
99,2,2,3,0.769
99,2,2,4,0.627
100,1,1,1,0.503
100,1,1,2,0.156
100,1,1,3,0.687
100,1,1,4,0.798
100,1,2,1,0.768
100,1,2,2,0.696
100,1,2,3,0.738
100,1,2,4,0.588
100,2,1,1,0.616
100,2,1,2,0.457
100,2,1,3,0.622
100,2,1,4,0.445
100,2,2,1,0.756
100,2,2,2,0.476
100,2,2,3,0.316
100,2,2,4,0.785