l,t,n,sc,sc_line
1,1,1,0,1
1,1,1,1,1
1,1,1,2,1
1,1,1,3,1
1,1,1,4,1
1,1,1,5,1
1,1,1,6,1
1,1,1,7,1
1,1,1,8,1
1,1,1,9,1
1,1,1,10,1
1,1,1,11,1
1,1,1,12,1
1,1,1,13,1
1,1,1,14,1
1,1,1,15,1
1,1,1,16,1
1,1,2,0,1
1,1,2,1,1
1,1,2,2,1
1,1,2,3,1
1,1,2,4,1
1,1,2,5,1
1,1,2,6,1
1,1,2,7,1
1,1,2,8,1
1,1,2,9,1
1,1,2,10,1
1,1,2,11,1
1,1,2,12,1
1,1,2,13,1
1,1,2,14,1
1,1,2,15,1
1,1,2,16,1
1,2,1,0,1
1,2,1,1,1
1,2,1,2,1
1,2,1,3,1
1,2,1,4,1
1,2,1,5,1
1,2,1,6,1
1,2,1,7,1
1,2,1,8,1
1,2,1,9,1
1,2,1,10,1
1,2,1,11,1
1,2,1,12,1
1,2,1,13,1
1,2,1,14,1
1,2,1,15,1
1,2,1,16,1
1,2,2,0,1
1,2,2,1,1
1,2,2,2,1
1,2,2,3,1
1,2,2,4,1
1,2,2,5,1
1,2,2,6,1
1,2,2,7,1
1,2,2,8,1
1,2,2,9,1
1,2,2,10,1
1,2,2,11,1
1,2,2,12,1
1,2,2,13,1
1,2,2,14,1
1,2,2,15,1
1,2,2,16,1
2,1,1,0,1
2,1,1,1,1
2,1,1,2,1
2,1,1,3,1
2,1,1,4,1
2,1,1,5,1
2,1,1,6,1
2,1,1,7,1
2,1,1,8,1
2,1,1,9,1
2,1,1,10,1
2,1,1,11,1
2,1,1,12,1
2,1,1,13,1
2,1,1,14,1
2,1,1,15,1
2,1,1,16,1
2,1,2,0,1
2,1,2,1,1
2,1,2,2,1
2,1,2,3,1
2,1,2,4,1
2,1,2,5,1
2,1,2,6,1
2,1,2,7,1
2,1,2,8,1
2,1,2,9,1
2,1,2,10,1
2,1,2,11,1
2,1,2,12,1
2,1,2,13,1
2,1,2,14,1
2,1,2,15,1
2,1,2,16,1
2,2,1,0,1
2,2,1,1,1
2,2,1,2,1
2,2,1,3,1
2,2,1,4,1
2,2,1,5,1
2,2,1,6,1
2,2,1,7,1
2,2,1,8,1
2,2,1,9,1
2,2,1,10,1
2,2,1,11,1
2,2,1,12,1
2,2,1,13,1
2,2,1,14,1
2,2,1,15,1
2,2,1,16,1
2,2,2,0,1
2,2,2,1,1
2,2,2,2,1
2,2,2,3,1
2,2,2,4,1
2,2,2,5,1
2,2,2,6,1
2,2,2,7,1
2,2,2,8,1
2,2,2,9,1
2,2,2,10,1
2,2,2,11,1
2,2,2,12,1
2,2,2,13,1
2,2,2,14,1
2,2,2,15,1
2,2,2,16,1
3,1,1,0,1
3,1,1,1,1
3,1,1,2,1
3,1,1,3,1
3,1,1,4,1
3,1,1,5,1
3,1,1,6,1
3,1,1,7,1
3,1,1,8,1
3,1,1,9,1
3,1,1,10,1
3,1,1,11,1
3,1,1,12,1
3,1,1,13,1
3,1,1,14,1
3,1,1,15,1
3,1,1,16,1
3,1,2,0,1
3,1,2,1,1
3,1,2,2,1
3,1,2,3,1
3,1,2,4,1
3,1,2,5,1
3,1,2,6,1
3,1,2,7,1
3,1,2,8,1
3,1,2,9,1
3,1,2,10,1
3,1,2,11,1
3,1,2,12,1
3,1,2,13,1
3,1,2,14,1
3,1,2,15,1
3,1,2,16,1
3,2,1,0,1
3,2,1,1,1
3,2,1,2,1
3,2,1,3,1
3,2,1,4,1
3,2,1,5,1
3,2,1,6,1
3,2,1,7,1
3,2,1,8,1
3,2,1,9,1
3,2,1,10,1
3,2,1,11,1
3,2,1,12,1
3,2,1,13,1
3,2,1,14,1
3,2,1,15,1
3,2,1,16,1
3,2,2,0,1
3,2,2,1,1
3,2,2,2,1
3,2,2,3,1
3,2,2,4,1
3,2,2,5,1
3,2,2,6,1
3,2,2,7,1
3,2,2,8,1
3,2,2,9,1
3,2,2,10,1
3,2,2,11,1
3,2,2,12,1
3,2,2,13,1
3,2,2,14,1
3,2,2,15,1
3,2,2,16,1
4,1,1,0,1
4,1,1,1,1
4,1,1,2,1
4,1,1,3,1
4,1,1,4,1
4,1,1,5,1
4,1,1,6,1
4,1,1,7,1
4,1,1,8,1
4,1,1,9,1
4,1,1,10,1
4,1,1,11,1
4,1,1,12,1
4,1,1,13,1
4,1,1,14,1
4,1,1,15,1
4,1,1,16,1
4,1,2,0,1
4,1,2,1,1
4,1,2,2,1
4,1,2,3,1
4,1,2,4,1
4,1,2,5,1
4,1,2,6,1
4,1,2,7,1
4,1,2,8,1
4,1,2,9,1
4,1,2,10,1
4,1,2,11,1
4,1,2,12,1
4,1,2,13,1
4,1,2,14,1
4,1,2,15,1
4,1,2,16,1
4,2,1,0,1
4,2,1,1,1
4,2,1,2,1
4,2,1,3,1
4,2,1,4,1
4,2,1,5,1
4,2,1,6,1
4,2,1,7,1
4,2,1,8,1
4,2,1,9,1
4,2,1,10,1
4,2,1,11,1
4,2,1,12,1
4,2,1,13,1
4,2,1,14,1
4,2,1,15,1
4,2,1,16,1
4,2,2,0,1
4,2,2,1,1
4,2,2,2,1
4,2,2,3,1
4,2,2,4,1
4,2,2,5,1
4,2,2,6,1
4,2,2,7,1
4,2,2,8,1
4,2,2,9,1
4,2,2,10,1
4,2,2,11,1
4,2,2,12,1
4,2,2,13,1
4,2,2,14,1
4,2,2,15,1
4,2,2,16,1
5,1,1,0,1
5,1,1,1,1
5,1,1,2,1
5,1,1,3,1
5,1,1,4,1
5,1,1,5,1
5,1,1,6,1
5,1,1,7,1
5,1,1,8,1
5,1,1,9,1
5,1,1,10,1
5,1,1,11,1
5,1,1,12,1
5,1,1,13,1
5,1,1,14,1
5,1,1,15,1
5,1,1,16,1
5,1,2,0,1
5,1,2,1,1
5,1,2,2,1
5,1,2,3,1
5,1,2,4,1
5,1,2,5,1
5,1,2,6,1
5,1,2,7,1
5,1,2,8,1
5,1,2,9,1
5,1,2,10,1
5,1,2,11,1
5,1,2,12,1
5,1,2,13,1
5,1,2,14,1
5,1,2,15,1
5,1,2,16,1
5,2,1,0,1
5,2,1,1,1
5,2,1,2,1
5,2,1,3,1
5,2,1,4,1
5,2,1,5,1
5,2,1,6,1
5,2,1,7,1
5,2,1,8,1
5,2,1,9,1
5,2,1,10,1
5,2,1,11,1
5,2,1,12,1
5,2,1,13,1
5,2,1,14,1
5,2,1,15,1
5,2,1,16,1
5,2,2,0,1
5,2,2,1,1
5,2,2,2,1
5,2,2,3,1
5,2,2,4,1
5,2,2,5,1
5,2,2,6,1
5,2,2,7,1
5,2,2,8,1
5,2,2,9,1
5,2,2,10,1
5,2,2,11,1
5,2,2,12,1
5,2,2,13,1
5,2,2,14,1
5,2,2,15,1
5,2,2,16,1
6,1,1,0,1
6,1,1,1,1
6,1,1,2,1
6,1,1,3,1
6,1,1,4,1
6,1,1,5,1
6,1,1,6,1
6,1,1,7,1
6,1,1,8,1
6,1,1,9,1
6,1,1,10,1
6,1,1,11,1
6,1,1,12,1
6,1,1,13,1
6,1,1,14,1
6,1,1,15,1
6,1,1,16,1
6,1,2,0,1
6,1,2,1,1
6,1,2,2,1
6,1,2,3,1
6,1,2,4,1
6,1,2,5,1
6,1,2,6,1
6,1,2,7,1
6,1,2,8,1
6,1,2,9,1
6,1,2,10,1
6,1,2,11,1
6,1,2,12,1
6,1,2,13,1
6,1,2,14,1
6,1,2,15,1
6,1,2,16,1
6,2,1,0,1
6,2,1,1,1
6,2,1,2,1
6,2,1,3,1
6,2,1,4,1
6,2,1,5,1
6,2,1,6,1
6,2,1,7,1
6,2,1,8,1
6,2,1,9,1
6,2,1,10,1
6,2,1,11,1
6,2,1,12,1
6,2,1,13,1
6,2,1,14,1
6,2,1,15,1
6,2,1,16,1
6,2,2,0,1
6,2,2,1,1
6,2,2,2,1
6,2,2,3,1
6,2,2,4,1
6,2,2,5,1
6,2,2,6,1
6,2,2,7,1
6,2,2,8,1
6,2,2,9,1
6,2,2,10,1
6,2,2,11,1
6,2,2,12,1
6,2,2,13,1
6,2,2,14,1
6,2,2,15,1
6,2,2,16,1
7,1,1,0,1
7,1,1,1,1
7,1,1,2,1
7,1,1,3,1
7,1,1,4,1
7,1,1,5,1
7,1,1,6,1
7,1,1,7,1
7,1,1,8,1
7,1,1,9,1
7,1,1,10,1
7,1,1,11,1
7,1,1,12,1
7,1,1,13,1
7,1,1,14,1
7,1,1,15,1
7,1,1,16,1
7,1,2,0,1
7,1,2,1,1
7,1,2,2,1
7,1,2,3,1
7,1,2,4,1
7,1,2,5,1
7,1,2,6,1
7,1,2,7,1
7,1,2,8,1
7,1,2,9,1
7,1,2,10,1
7,1,2,11,1
7,1,2,12,1
7,1,2,13,1
7,1,2,14,1
7,1,2,15,1
7,1,2,16,1
7,2,1,0,1
7,2,1,1,1
7,2,1,2,1
7,2,1,3,1
7,2,1,4,1
7,2,1,5,1
7,2,1,6,1
7,2,1,7,1
7,2,1,8,1
7,2,1,9,1
7,2,1,10,1
7,2,1,11,1
7,2,1,12,1
7,2,1,13,1
7,2,1,14,1
7,2,1,15,1
7,2,1,16,1
7,2,2,0,1
7,2,2,1,1
7,2,2,2,1
7,2,2,3,1
7,2,2,4,1
7,2,2,5,1
7,2,2,6,1
7,2,2,7,1
7,2,2,8,1
7,2,2,9,1
7,2,2,10,1
7,2,2,11,1
7,2,2,12,1
7,2,2,13,1
7,2,2,14,1
7,2,2,15,1
7,2,2,16,1
8,1,1,0,1
8,1,1,1,1
8,1,1,2,1
8,1,1,3,1
8,1,1,4,1
8,1,1,5,1
8,1,1,6,1
8,1,1,7,1
8,1,1,8,1
8,1,1,9,1
8,1,1,10,1
8,1,1,11,1
8,1,1,12,1
8,1,1,13,1
8,1,1,14,1
8,1,1,15,1
8,1,1,16,1
8,1,2,0,1
8,1,2,1,1
8,1,2,2,1
8,1,2,3,1
8,1,2,4,1
8,1,2,5,1
8,1,2,6,1
8,1,2,7,1
8,1,2,8,1
8,1,2,9,1
8,1,2,10,1
8,1,2,11,1
8,1,2,12,1
8,1,2,13,1
8,1,2,14,1
8,1,2,15,1
8,1,2,16,1
8,2,1,0,1
8,2,1,1,1
8,2,1,2,1
8,2,1,3,1
8,2,1,4,1
8,2,1,5,1
8,2,1,6,1
8,2,1,7,1
8,2,1,8,1
8,2,1,9,1
8,2,1,10,1
8,2,1,11,1
8,2,1,12,1
8,2,1,13,1
8,2,1,14,1
8,2,1,15,1
8,2,1,16,1
8,2,2,0,1
8,2,2,1,1
8,2,2,2,1
8,2,2,3,1
8,2,2,4,1
8,2,2,5,1
8,2,2,6,1
8,2,2,7,1
8,2,2,8,1
8,2,2,9,1
8,2,2,10,1
8,2,2,11,1
8,2,2,12,1
8,2,2,13,1
8,2,2,14,1
8,2,2,15,1
8,2,2,16,1
9,1,1,0,1
9,1,1,1,1
9,1,1,2,1
9,1,1,3,1
9,1,1,4,1
9,1,1,5,1
9,1,1,6,1
9,1,1,7,1
9,1,1,8,1
9,1,1,9,1
9,1,1,10,1
9,1,1,11,1
9,1,1,12,1
9,1,1,13,1
9,1,1,14,1
9,1,1,15,1
9,1,1,16,1
9,1,2,0,1
9,1,2,1,1
9,1,2,2,1
9,1,2,3,1
9,1,2,4,1
9,1,2,5,1
9,1,2,6,1
9,1,2,7,1
9,1,2,8,1
9,1,2,9,1
9,1,2,10,1
9,1,2,11,1
9,1,2,12,1
9,1,2,13,1
9,1,2,14,1
9,1,2,15,1
9,1,2,16,1
9,2,1,0,1
9,2,1,1,1
9,2,1,2,1
9,2,1,3,1
9,2,1,4,1
9,2,1,5,1
9,2,1,6,1
9,2,1,7,1
9,2,1,8,1
9,2,1,9,1
9,2,1,10,1
9,2,1,11,1
9,2,1,12,1
9,2,1,13,1
9,2,1,14,1
9,2,1,15,1
9,2,1,16,1
9,2,2,0,1
9,2,2,1,1
9,2,2,2,1
9,2,2,3,1
9,2,2,4,1
9,2,2,5,1
9,2,2,6,1
9,2,2,7,1
9,2,2,8,1
9,2,2,9,1
9,2,2,10,1
9,2,2,11,1
9,2,2,12,1
9,2,2,13,1
9,2,2,14,1
9,2,2,15,1
9,2,2,16,1
10,1,1,0,1
10,1,1,1,1
10,1,1,2,1
10,1,1,3,1
10,1,1,4,1
10,1,1,5,1
10,1,1,6,1
10,1,1,7,1
10,1,1,8,1
10,1,1,9,1
10,1,1,10,1
10,1,1,11,1
10,1,1,12,1
10,1,1,13,1
10,1,1,14,1
10,1,1,15,1
10,1,1,16,1
10,1,2,0,1
10,1,2,1,1
10,1,2,2,1
10,1,2,3,1
10,1,2,4,1
10,1,2,5,1
10,1,2,6,1
10,1,2,7,1
10,1,2,8,1
10,1,2,9,1
10,1,2,10,1
10,1,2,11,1
10,1,2,12,1
10,1,2,13,1
10,1,2,14,1
10,1,2,15,1
10,1,2,16,1
10,2,1,0,1
10,2,1,1,1
10,2,1,2,1
10,2,1,3,1
10,2,1,4,1
10,2,1,5,1
10,2,1,6,1
10,2,1,7,1
10,2,1,8,1
10,2,1,9,1
10,2,1,10,1
10,2,1,11,1
10,2,1,12,1
10,2,1,13,1
10,2,1,14,1
10,2,1,15,1
10,2,1,16,1
10,2,2,0,1
10,2,2,1,1
10,2,2,2,1
10,2,2,3,1
10,2,2,4,1
10,2,2,5,1
10,2,2,6,1
10,2,2,7,1
10,2,2,8,1
10,2,2,9,1
10,2,2,10,1
10,2,2,11,1
10,2,2,12,1
10,2,2,13,1
10,2,2,14,1
10,2,2,15,1
10,2,2,16,1
11,1,1,0,1
11,1,1,1,1
11,1,1,2,1
11,1,1,3,1
11,1,1,4,1
11,1,1,5,1
11,1,1,6,1
11,1,1,7,1
11,1,1,8,1
11,1,1,9,1
11,1,1,10,1
11,1,1,11,1
11,1,1,12,1
11,1,1,13,1
11,1,1,14,1
11,1,1,15,1
11,1,1,16,1
11,1,2,0,1
11,1,2,1,1
11,1,2,2,1
11,1,2,3,1
11,1,2,4,1
11,1,2,5,1
11,1,2,6,1
11,1,2,7,1
11,1,2,8,1
11,1,2,9,1
11,1,2,10,1
11,1,2,11,1
11,1,2,12,1
11,1,2,13,1
11,1,2,14,1
11,1,2,15,1
11,1,2,16,1
11,2,1,0,1
11,2,1,1,1
11,2,1,2,1
11,2,1,3,1
11,2,1,4,1
11,2,1,5,1
11,2,1,6,1
11,2,1,7,1
11,2,1,8,1
11,2,1,9,1
11,2,1,10,1
11,2,1,11,1
11,2,1,12,1
11,2,1,13,1
11,2,1,14,1
11,2,1,15,1
11,2,1,16,1
11,2,2,0,1
11,2,2,1,1
11,2,2,2,1
11,2,2,3,1
11,2,2,4,1
11,2,2,5,1
11,2,2,6,1
11,2,2,7,1
11,2,2,8,1
11,2,2,9,1
11,2,2,10,1
11,2,2,11,1
11,2,2,12,1
11,2,2,13,1
11,2,2,14,1
11,2,2,15,1
11,2,2,16,1
12,1,1,0,1
12,1,1,1,1
12,1,1,2,1
12,1,1,3,1
12,1,1,4,1
12,1,1,5,1
12,1,1,6,1
12,1,1,7,1
12,1,1,8,1
12,1,1,9,1
12,1,1,10,1
12,1,1,11,1
12,1,1,12,1
12,1,1,13,1
12,1,1,14,1
12,1,1,15,1
12,1,1,16,1
12,1,2,0,1
12,1,2,1,1
12,1,2,2,1
12,1,2,3,1
12,1,2,4,1
12,1,2,5,1
12,1,2,6,1
12,1,2,7,1
12,1,2,8,1
12,1,2,9,1
12,1,2,10,1
12,1,2,11,1
12,1,2,12,1
12,1,2,13,1
12,1,2,14,1
12,1,2,15,1
12,1,2,16,1
12,2,1,0,1
12,2,1,1,1
12,2,1,2,1
12,2,1,3,1
12,2,1,4,1
12,2,1,5,1
12,2,1,6,1
12,2,1,7,1
12,2,1,8,1
12,2,1,9,1
12,2,1,10,1
12,2,1,11,1
12,2,1,12,1
12,2,1,13,1
12,2,1,14,1
12,2,1,15,1
12,2,1,16,1
12,2,2,0,1
12,2,2,1,1
12,2,2,2,1
12,2,2,3,1
12,2,2,4,1
12,2,2,5,1
12,2,2,6,1
12,2,2,7,1
12,2,2,8,1
12,2,2,9,1
12,2,2,10,1
12,2,2,11,1
12,2,2,12,1
12,2,2,13,1
12,2,2,14,1
12,2,2,15,1
12,2,2,16,1
13,1,1,0,1
13,1,1,1,1
13,1,1,2,1
13,1,1,3,1
13,1,1,4,1
13,1,1,5,1
13,1,1,6,1
13,1,1,7,1
13,1,1,8,1
13,1,1,9,1
13,1,1,10,1
13,1,1,11,1
13,1,1,12,1
13,1,1,13,1
13,1,1,14,1
13,1,1,15,1
13,1,1,16,1
13,1,2,0,1
13,1,2,1,1
13,1,2,2,1
13,1,2,3,1
13,1,2,4,1
13,1,2,5,1
13,1,2,6,1
13,1,2,7,1
13,1,2,8,1
13,1,2,9,1
13,1,2,10,1
13,1,2,11,1
13,1,2,12,1
13,1,2,13,1
13,1,2,14,1
13,1,2,15,1
13,1,2,16,1
13,2,1,0,1
13,2,1,1,1
13,2,1,2,1
13,2,1,3,1
13,2,1,4,1
13,2,1,5,1
13,2,1,6,1
13,2,1,7,1
13,2,1,8,1
13,2,1,9,1
13,2,1,10,1
13,2,1,11,1
13,2,1,12,1
13,2,1,13,1
13,2,1,14,1
13,2,1,15,1
13,2,1,16,1
13,2,2,0,1
13,2,2,1,1
13,2,2,2,1
13,2,2,3,1
13,2,2,4,1
13,2,2,5,1
13,2,2,6,1
13,2,2,7,1
13,2,2,8,1
13,2,2,9,1
13,2,2,10,1
13,2,2,11,1
13,2,2,12,1
13,2,2,13,1
13,2,2,14,1
13,2,2,15,1
13,2,2,16,1
14,1,1,0,1
14,1,1,1,1
14,1,1,2,1
14,1,1,3,1
14,1,1,4,1
14,1,1,5,1
14,1,1,6,1
14,1,1,7,1
14,1,1,8,1
14,1,1,9,1
14,1,1,10,1
14,1,1,11,1
14,1,1,12,1
14,1,1,13,1
14,1,1,14,1
14,1,1,15,1
14,1,1,16,1
14,1,2,0,1
14,1,2,1,1
14,1,2,2,1
14,1,2,3,1
14,1,2,4,1
14,1,2,5,1
14,1,2,6,1
14,1,2,7,1
14,1,2,8,1
14,1,2,9,1
14,1,2,10,1
14,1,2,11,1
14,1,2,12,1
14,1,2,13,1
14,1,2,14,1
14,1,2,15,1
14,1,2,16,1
14,2,1,0,1
14,2,1,1,1
14,2,1,2,1
14,2,1,3,1
14,2,1,4,1
14,2,1,5,1
14,2,1,6,1
14,2,1,7,1
14,2,1,8,1
14,2,1,9,1
14,2,1,10,1
14,2,1,11,1
14,2,1,12,1
14,2,1,13,1
14,2,1,14,1
14,2,1,15,1
14,2,1,16,1
14,2,2,0,1
14,2,2,1,1
14,2,2,2,1
14,2,2,3,1
14,2,2,4,1
14,2,2,5,1
14,2,2,6,1
14,2,2,7,1
14,2,2,8,1
14,2,2,9,1
14,2,2,10,1
14,2,2,11,1
14,2,2,12,1
14,2,2,13,1
14,2,2,14,1
14,2,2,15,1
14,2,2,16,1
15,1,1,0,1
15,1,1,1,1
15,1,1,2,1
15,1,1,3,1
15,1,1,4,1
15,1,1,5,1
15,1,1,6,1
15,1,1,7,1
15,1,1,8,1
15,1,1,9,1
15,1,1,10,1
15,1,1,11,1
15,1,1,12,1
15,1,1,13,1
15,1,1,14,1
15,1,1,15,1
15,1,1,16,1
15,1,2,0,1
15,1,2,1,1
15,1,2,2,1
15,1,2,3,1
15,1,2,4,1
15,1,2,5,1
15,1,2,6,1
15,1,2,7,1
15,1,2,8,1
15,1,2,9,1
15,1,2,10,1
15,1,2,11,1
15,1,2,12,1
15,1,2,13,1
15,1,2,14,1
15,1,2,15,1
15,1,2,16,1
15,2,1,0,1
15,2,1,1,1
15,2,1,2,1
15,2,1,3,1
15,2,1,4,1
15,2,1,5,1
15,2,1,6,1
15,2,1,7,1
15,2,1,8,1
15,2,1,9,1
15,2,1,10,1
15,2,1,11,1
15,2,1,12,1
15,2,1,13,1
15,2,1,14,1
15,2,1,15,1
15,2,1,16,1
15,2,2,0,1
15,2,2,1,1
15,2,2,2,1
15,2,2,3,1
15,2,2,4,1
15,2,2,5,1
15,2,2,6,1
15,2,2,7,1
15,2,2,8,1
15,2,2,9,1
15,2,2,10,1
15,2,2,11,1
15,2,2,12,1
15,2,2,13,1
15,2,2,14,1
15,2,2,15,1
15,2,2,16,1
16,1,1,0,1
16,1,1,1,1
16,1,1,2,1
16,1,1,3,1
16,1,1,4,1
16,1,1,5,1
16,1,1,6,1
16,1,1,7,1
16,1,1,8,1
16,1,1,9,1
16,1,1,10,1
16,1,1,11,1
16,1,1,12,1
16,1,1,13,1
16,1,1,14,1
16,1,1,15,1
16,1,1,16,1
16,1,2,0,1
16,1,2,1,1
16,1,2,2,1
16,1,2,3,1
16,1,2,4,1
16,1,2,5,1
16,1,2,6,1
16,1,2,7,1
16,1,2,8,1
16,1,2,9,1
16,1,2,10,1
16,1,2,11,1
16,1,2,12,1
16,1,2,13,1
16,1,2,14,1
16,1,2,15,1
16,1,2,16,1
16,2,1,0,1
16,2,1,1,1
16,2,1,2,1
16,2,1,3,1
16,2,1,4,1
16,2,1,5,1
16,2,1,6,1
16,2,1,7,1
16,2,1,8,1
16,2,1,9,1
16,2,1,10,1
16,2,1,11,1
16,2,1,12,1
16,2,1,13,1
16,2,1,14,1
16,2,1,15,1
16,2,1,16,1
16,2,2,0,1
16,2,2,1,1
16,2,2,2,1
16,2,2,3,1
16,2,2,4,1
16,2,2,5,1
16,2,2,6,1
16,2,2,7,1
16,2,2,8,1
16,2,2,9,1
16,2,2,10,1
16,2,2,11,1
16,2,2,12,1
16,2,2,13,1
16,2,2,14,1
16,2,2,15,1
16,2,2,16,1
17,1,1,0,1
17,1,1,1,1
17,1,1,2,1
17,1,1,3,1
17,1,1,4,1
17,1,1,5,1
17,1,1,6,1
17,1,1,7,1
17,1,1,8,1
17,1,1,9,1
17,1,1,10,1
17,1,1,11,1
17,1,1,12,1
17,1,1,13,1
17,1,1,14,1
17,1,1,15,1
17,1,1,16,1
17,1,2,0,1
17,1,2,1,1
17,1,2,2,1
17,1,2,3,1
17,1,2,4,1
17,1,2,5,1
17,1,2,6,1
17,1,2,7,1
17,1,2,8,1
17,1,2,9,1
17,1,2,10,1
17,1,2,11,1
17,1,2,12,1
17,1,2,13,1
17,1,2,14,1
17,1,2,15,1
17,1,2,16,1
17,2,1,0,1
17,2,1,1,1
17,2,1,2,1
17,2,1,3,1
17,2,1,4,1
17,2,1,5,1
17,2,1,6,1
17,2,1,7,1
17,2,1,8,1
17,2,1,9,1
17,2,1,10,1
17,2,1,11,1
17,2,1,12,1
17,2,1,13,1
17,2,1,14,1
17,2,1,15,1
17,2,1,16,1
17,2,2,0,1
17,2,2,1,1
17,2,2,2,1
17,2,2,3,1
17,2,2,4,1
17,2,2,5,1
17,2,2,6,1
17,2,2,7,1
17,2,2,8,1
17,2,2,9,1
17,2,2,10,1
17,2,2,11,1
17,2,2,12,1
17,2,2,13,1
17,2,2,14,1
17,2,2,15,1
17,2,2,16,1
18,1,1,0,1
18,1,1,1,1
18,1,1,2,1
18,1,1,3,1
18,1,1,4,1
18,1,1,5,1
18,1,1,6,1
18,1,1,7,1
18,1,1,8,1
18,1,1,9,1
18,1,1,10,1
18,1,1,11,1
18,1,1,12,1
18,1,1,13,1
18,1,1,14,1
18,1,1,15,1
18,1,1,16,1
18,1,2,0,1
18,1,2,1,1
18,1,2,2,1
18,1,2,3,1
18,1,2,4,1
18,1,2,5,1
18,1,2,6,1
18,1,2,7,1
18,1,2,8,1
18,1,2,9,1
18,1,2,10,1
18,1,2,11,1
18,1,2,12,1
18,1,2,13,1
18,1,2,14,1
18,1,2,15,1
18,1,2,16,1
18,2,1,0,1
18,2,1,1,1
18,2,1,2,1
18,2,1,3,1
18,2,1,4,1
18,2,1,5,1
18,2,1,6,1
18,2,1,7,1
18,2,1,8,1
18,2,1,9,1
18,2,1,10,1
18,2,1,11,1
18,2,1,12,1
18,2,1,13,1
18,2,1,14,1
18,2,1,15,1
18,2,1,16,1
18,2,2,0,1
18,2,2,1,1
18,2,2,2,1
18,2,2,3,1
18,2,2,4,1
18,2,2,5,1
18,2,2,6,1
18,2,2,7,1
18,2,2,8,1
18,2,2,9,1
18,2,2,10,1
18,2,2,11,1
18,2,2,12,1
18,2,2,13,1
18,2,2,14,1
18,2,2,15,1
18,2,2,16,1
19,1,1,0,1
19,1,1,1,1
19,1,1,2,1
19,1,1,3,1
19,1,1,4,1
19,1,1,5,1
19,1,1,6,1
19,1,1,7,1
19,1,1,8,1
19,1,1,9,1
19,1,1,10,1
19,1,1,11,1
19,1,1,12,1
19,1,1,13,1
19,1,1,14,1
19,1,1,15,1
19,1,1,16,1
19,1,2,0,1
19,1,2,1,1
19,1,2,2,1
19,1,2,3,1
19,1,2,4,1
19,1,2,5,1
19,1,2,6,1
19,1,2,7,1
19,1,2,8,1
19,1,2,9,1
19,1,2,10,1
19,1,2,11,1
19,1,2,12,1
19,1,2,13,1
19,1,2,14,1
19,1,2,15,1
19,1,2,16,1
19,2,1,0,1
19,2,1,1,1
19,2,1,2,1
19,2,1,3,1
19,2,1,4,1
19,2,1,5,1
19,2,1,6,1
19,2,1,7,1
19,2,1,8,1
19,2,1,9,1
19,2,1,10,1
19,2,1,11,1
19,2,1,12,1
19,2,1,13,1
19,2,1,14,1
19,2,1,15,1
19,2,1,16,1
19,2,2,0,1
19,2,2,1,1
19,2,2,2,1
19,2,2,3,1
19,2,2,4,1
19,2,2,5,1
19,2,2,6,1
19,2,2,7,1
19,2,2,8,1
19,2,2,9,1
19,2,2,10,1
19,2,2,11,1
19,2,2,12,1
19,2,2,13,1
19,2,2,14,1
19,2,2,15,1
19,2,2,16,1
20,1,1,0,1
20,1,1,1,1
20,1,1,2,1
20,1,1,3,1
20,1,1,4,1
20,1,1,5,1
20,1,1,6,1
20,1,1,7,1
20,1,1,8,1
20,1,1,9,1
20,1,1,10,1
20,1,1,11,1
20,1,1,12,1
20,1,1,13,1
20,1,1,14,1
20,1,1,15,1
20,1,1,16,1
20,1,2,0,1
20,1,2,1,1
20,1,2,2,1
20,1,2,3,1
20,1,2,4,1
20,1,2,5,1
20,1,2,6,1
20,1,2,7,1
20,1,2,8,1
20,1,2,9,1
20,1,2,10,1
20,1,2,11,1
20,1,2,12,1
20,1,2,13,1
20,1,2,14,1
20,1,2,15,1
20,1,2,16,1
20,2,1,0,1
20,2,1,1,1
20,2,1,2,1
20,2,1,3,1
20,2,1,4,1
20,2,1,5,1
20,2,1,6,1
20,2,1,7,1
20,2,1,8,1
20,2,1,9,1
20,2,1,10,1
20,2,1,11,1
20,2,1,12,1
20,2,1,13,1
20,2,1,14,1
20,2,1,15,1
20,2,1,16,1
20,2,2,0,1
20,2,2,1,1
20,2,2,2,1
20,2,2,3,1
20,2,2,4,1
20,2,2,5,1
20,2,2,6,1
20,2,2,7,1
20,2,2,8,1
20,2,2,9,1
20,2,2,10,1
20,2,2,11,1
20,2,2,12,1
20,2,2,13,1
20,2,2,14,1
20,2,2,15,1
20,2,2,16,1
21,1,1,0,1
21,1,1,1,1
21,1,1,2,1
21,1,1,3,1
21,1,1,4,1
21,1,1,5,1
21,1,1,6,1
21,1,1,7,1
21,1,1,8,1
21,1,1,9,1
21,1,1,10,1
21,1,1,11,1
21,1,1,12,1
21,1,1,13,1
21,1,1,14,1
21,1,1,15,1
21,1,1,16,1
21,1,2,0,1
21,1,2,1,1
21,1,2,2,1
21,1,2,3,1
21,1,2,4,1
21,1,2,5,1
21,1,2,6,1
21,1,2,7,1
21,1,2,8,1
21,1,2,9,1
21,1,2,10,1
21,1,2,11,1
21,1,2,12,1
21,1,2,13,1
21,1,2,14,1
21,1,2,15,1
21,1,2,16,1
21,2,1,0,1
21,2,1,1,1
21,2,1,2,1
21,2,1,3,1
21,2,1,4,1
21,2,1,5,1
21,2,1,6,1
21,2,1,7,1
21,2,1,8,1
21,2,1,9,1
21,2,1,10,1
21,2,1,11,1
21,2,1,12,1
21,2,1,13,1
21,2,1,14,1
21,2,1,15,1
21,2,1,16,1
21,2,2,0,1
21,2,2,1,1
21,2,2,2,1
21,2,2,3,1
21,2,2,4,1
21,2,2,5,1
21,2,2,6,1
21,2,2,7,1
21,2,2,8,1
21,2,2,9,1
21,2,2,10,1
21,2,2,11,1
21,2,2,12,1
21,2,2,13,1
21,2,2,14,1
21,2,2,15,1
21,2,2,16,1
22,1,1,0,1
22,1,1,1,1
22,1,1,2,1
22,1,1,3,1
22,1,1,4,1
22,1,1,5,1
22,1,1,6,1
22,1,1,7,1
22,1,1,8,1
22,1,1,9,1
22,1,1,10,1
22,1,1,11,1
22,1,1,12,1
22,1,1,13,1
22,1,1,14,1
22,1,1,15,1
22,1,1,16,1
22,1,2,0,1
22,1,2,1,1
22,1,2,2,1
22,1,2,3,1
22,1,2,4,1
22,1,2,5,1
22,1,2,6,1
22,1,2,7,1
22,1,2,8,1
22,1,2,9,1
22,1,2,10,1
22,1,2,11,1
22,1,2,12,1
22,1,2,13,1
22,1,2,14,1
22,1,2,15,1
22,1,2,16,1
22,2,1,0,1
22,2,1,1,1
22,2,1,2,1
22,2,1,3,1
22,2,1,4,1
22,2,1,5,1
22,2,1,6,1
22,2,1,7,1
22,2,1,8,1
22,2,1,9,1
22,2,1,10,1
22,2,1,11,1
22,2,1,12,1
22,2,1,13,1
22,2,1,14,1
22,2,1,15,1
22,2,1,16,1
22,2,2,0,1
22,2,2,1,1
22,2,2,2,1
22,2,2,3,1
22,2,2,4,1
22,2,2,5,1
22,2,2,6,1
22,2,2,7,1
22,2,2,8,1
22,2,2,9,1
22,2,2,10,1
22,2,2,11,1
22,2,2,12,1
22,2,2,13,1
22,2,2,14,1
22,2,2,15,1
22,2,2,16,1
23,1,1,0,1
23,1,1,1,1
23,1,1,2,1
23,1,1,3,1
23,1,1,4,1
23,1,1,5,1
23,1,1,6,1
23,1,1,7,1
23,1,1,8,1
23,1,1,9,1
23,1,1,10,1
23,1,1,11,1
23,1,1,12,1
23,1,1,13,1
23,1,1,14,1
23,1,1,15,1
23,1,1,16,1
23,1,2,0,1
23,1,2,1,1
23,1,2,2,1
23,1,2,3,1
23,1,2,4,1
23,1,2,5,1
23,1,2,6,1
23,1,2,7,1
23,1,2,8,1
23,1,2,9,1
23,1,2,10,1
23,1,2,11,1
23,1,2,12,1
23,1,2,13,1
23,1,2,14,1
23,1,2,15,1
23,1,2,16,1
23,2,1,0,1
23,2,1,1,1
23,2,1,2,1
23,2,1,3,1
23,2,1,4,1
23,2,1,5,1
23,2,1,6,1
23,2,1,7,1
23,2,1,8,1
23,2,1,9,1
23,2,1,10,1
23,2,1,11,1
23,2,1,12,1
23,2,1,13,1
23,2,1,14,1
23,2,1,15,1
23,2,1,16,1
23,2,2,0,1
23,2,2,1,1
23,2,2,2,1
23,2,2,3,1
23,2,2,4,1
23,2,2,5,1
23,2,2,6,1
23,2,2,7,1
23,2,2,8,1
23,2,2,9,1
23,2,2,10,1
23,2,2,11,1
23,2,2,12,1
23,2,2,13,1
23,2,2,14,1
23,2,2,15,1
23,2,2,16,1
24,1,1,0,1
24,1,1,1,1
24,1,1,2,1
24,1,1,3,1
24,1,1,4,1
24,1,1,5,1
24,1,1,6,1
24,1,1,7,1
24,1,1,8,1
24,1,1,9,1
24,1,1,10,1
24,1,1,11,1
24,1,1,12,1
24,1,1,13,1
24,1,1,14,1
24,1,1,15,1
24,1,1,16,1
24,1,2,0,1
24,1,2,1,1
24,1,2,2,1
24,1,2,3,1
24,1,2,4,1
24,1,2,5,1
24,1,2,6,1
24,1,2,7,1
24,1,2,8,1
24,1,2,9,1
24,1,2,10,1
24,1,2,11,1
24,1,2,12,1
24,1,2,13,1
24,1,2,14,1
24,1,2,15,1
24,1,2,16,1
24,2,1,0,1
24,2,1,1,1
24,2,1,2,1
24,2,1,3,1
24,2,1,4,1
24,2,1,5,1
24,2,1,6,1
24,2,1,7,1
24,2,1,8,1
24,2,1,9,1
24,2,1,10,1
24,2,1,11,1
24,2,1,12,1
24,2,1,13,1
24,2,1,14,1
24,2,1,15,1
24,2,1,16,1
24,2,2,0,1
24,2,2,1,1
24,2,2,2,1
24,2,2,3,1
24,2,2,4,1
24,2,2,5,1
24,2,2,6,1
24,2,2,7,1
24,2,2,8,1
24,2,2,9,1
24,2,2,10,1
24,2,2,11,1
24,2,2,12,1
24,2,2,13,1
24,2,2,14,1
24,2,2,15,1
24,2,2,16,1
25,1,1,0,1
25,1,1,1,1
25,1,1,2,1
25,1,1,3,1
25,1,1,4,1
25,1,1,5,1
25,1,1,6,1
25,1,1,7,1
25,1,1,8,1
25,1,1,9,1
25,1,1,10,1
25,1,1,11,1
25,1,1,12,1
25,1,1,13,1
25,1,1,14,1
25,1,1,15,1
25,1,1,16,1
25,1,2,0,1
25,1,2,1,1
25,1,2,2,1
25,1,2,3,1
25,1,2,4,1
25,1,2,5,1
25,1,2,6,1
25,1,2,7,1
25,1,2,8,1
25,1,2,9,1
25,1,2,10,1
25,1,2,11,1
25,1,2,12,1
25,1,2,13,1
25,1,2,14,1
25,1,2,15,1
25,1,2,16,1
25,2,1,0,1
25,2,1,1,1
25,2,1,2,1
25,2,1,3,1
25,2,1,4,1
25,2,1,5,1
25,2,1,6,1
25,2,1,7,1
25,2,1,8,1
25,2,1,9,1
25,2,1,10,1
25,2,1,11,1
25,2,1,12,1
25,2,1,13,1
25,2,1,14,1
25,2,1,15,1
25,2,1,16,1
25,2,2,0,1
25,2,2,1,1
25,2,2,2,1
25,2,2,3,1
25,2,2,4,1
25,2,2,5,1
25,2,2,6,1
25,2,2,7,1
25,2,2,8,1
25,2,2,9,1
25,2,2,10,1
25,2,2,11,1
25,2,2,12,1
25,2,2,13,1
25,2,2,14,1
25,2,2,15,1
25,2,2,16,1
26,1,1,0,1
26,1,1,1,1
26,1,1,2,1
26,1,1,3,1
26,1,1,4,1
26,1,1,5,1
26,1,1,6,1
26,1,1,7,1
26,1,1,8,1
26,1,1,9,1
26,1,1,10,1
26,1,1,11,1
26,1,1,12,1
26,1,1,13,1
26,1,1,14,1
26,1,1,15,1
26,1,1,16,1
26,1,2,0,1
26,1,2,1,1
26,1,2,2,1
26,1,2,3,1
26,1,2,4,1
26,1,2,5,1
26,1,2,6,1
26,1,2,7,1
26,1,2,8,1
26,1,2,9,1
26,1,2,10,1
26,1,2,11,1
26,1,2,12,1
26,1,2,13,1
26,1,2,14,1
26,1,2,15,1
26,1,2,16,1
26,2,1,0,1
26,2,1,1,1
26,2,1,2,1
26,2,1,3,1
26,2,1,4,1
26,2,1,5,1
26,2,1,6,1
26,2,1,7,1
26,2,1,8,1
26,2,1,9,1
26,2,1,10,1
26,2,1,11,1
26,2,1,12,1
26,2,1,13,1
26,2,1,14,1
26,2,1,15,1
26,2,1,16,1
26,2,2,0,1
26,2,2,1,1
26,2,2,2,1
26,2,2,3,1
26,2,2,4,1
26,2,2,5,1
26,2,2,6,1
26,2,2,7,1
26,2,2,8,1
26,2,2,9,1
26,2,2,10,1
26,2,2,11,1
26,2,2,12,1
26,2,2,13,1
26,2,2,14,1
26,2,2,15,1
26,2,2,16,1
27,1,1,0,1
27,1,1,1,1
27,1,1,2,1
27,1,1,3,1
27,1,1,4,1
27,1,1,5,1
27,1,1,6,1
27,1,1,7,1
27,1,1,8,1
27,1,1,9,1
27,1,1,10,1
27,1,1,11,1
27,1,1,12,1
27,1,1,13,1
27,1,1,14,1
27,1,1,15,1
27,1,1,16,1
27,1,2,0,1
27,1,2,1,1
27,1,2,2,1
27,1,2,3,1
27,1,2,4,1
27,1,2,5,1
27,1,2,6,1
27,1,2,7,1
27,1,2,8,1
27,1,2,9,1
27,1,2,10,1
27,1,2,11,1
27,1,2,12,1
27,1,2,13,1
27,1,2,14,1
27,1,2,15,1
27,1,2,16,1
27,2,1,0,1
27,2,1,1,1
27,2,1,2,1
27,2,1,3,1
27,2,1,4,1
27,2,1,5,1
27,2,1,6,1
27,2,1,7,1
27,2,1,8,1
27,2,1,9,1
27,2,1,10,1
27,2,1,11,1
27,2,1,12,1
27,2,1,13,1
27,2,1,14,1
27,2,1,15,1
27,2,1,16,1
27,2,2,0,1
27,2,2,1,1
27,2,2,2,1
27,2,2,3,1
27,2,2,4,1
27,2,2,5,1
27,2,2,6,1
27,2,2,7,1
27,2,2,8,1
27,2,2,9,1
27,2,2,10,1
27,2,2,11,1
27,2,2,12,1
27,2,2,13,1
27,2,2,14,1
27,2,2,15,1
27,2,2,16,1
28,1,1,0,1
28,1,1,1,1
28,1,1,2,1
28,1,1,3,1
28,1,1,4,1
28,1,1,5,1
28,1,1,6,1
28,1,1,7,1
28,1,1,8,1
28,1,1,9,1
28,1,1,10,1
28,1,1,11,1
28,1,1,12,1
28,1,1,13,1
28,1,1,14,1
28,1,1,15,1
28,1,1,16,1
28,1,2,0,1
28,1,2,1,1
28,1,2,2,1
28,1,2,3,1
28,1,2,4,1
28,1,2,5,1
28,1,2,6,1
28,1,2,7,1
28,1,2,8,1
28,1,2,9,1
28,1,2,10,1
28,1,2,11,1
28,1,2,12,1
28,1,2,13,1
28,1,2,14,1
28,1,2,15,1
28,1,2,16,1
28,2,1,0,1
28,2,1,1,1
28,2,1,2,1
28,2,1,3,1
28,2,1,4,1
28,2,1,5,1
28,2,1,6,1
28,2,1,7,1
28,2,1,8,1
28,2,1,9,1
28,2,1,10,1
28,2,1,11,1
28,2,1,12,1
28,2,1,13,1
28,2,1,14,1
28,2,1,15,1
28,2,1,16,1
28,2,2,0,1
28,2,2,1,1
28,2,2,2,1
28,2,2,3,1
28,2,2,4,1
28,2,2,5,1
28,2,2,6,1
28,2,2,7,1
28,2,2,8,1
28,2,2,9,1
28,2,2,10,1
28,2,2,11,1
28,2,2,12,1
28,2,2,13,1
28,2,2,14,1
28,2,2,15,1
28,2,2,16,1
29,1,1,0,1
29,1,1,1,1
29,1,1,2,1
29,1,1,3,1
29,1,1,4,1
29,1,1,5,1
29,1,1,6,1
29,1,1,7,1
29,1,1,8,1
29,1,1,9,1
29,1,1,10,1
29,1,1,11,1
29,1,1,12,1
29,1,1,13,1
29,1,1,14,1
29,1,1,15,1
29,1,1,16,1
29,1,2,0,1
29,1,2,1,1
29,1,2,2,1
29,1,2,3,1
29,1,2,4,1
29,1,2,5,1
29,1,2,6,1
29,1,2,7,1
29,1,2,8,1
29,1,2,9,1
29,1,2,10,1
29,1,2,11,1
29,1,2,12,1
29,1,2,13,1
29,1,2,14,1
29,1,2,15,1
29,1,2,16,1
29,2,1,0,1
29,2,1,1,1
29,2,1,2,1
29,2,1,3,1
29,2,1,4,1
29,2,1,5,1
29,2,1,6,1
29,2,1,7,1
29,2,1,8,1
29,2,1,9,1
29,2,1,10,1
29,2,1,11,1
29,2,1,12,1
29,2,1,13,1
29,2,1,14,1
29,2,1,15,1
29,2,1,16,1
29,2,2,0,1
29,2,2,1,1
29,2,2,2,1
29,2,2,3,1
29,2,2,4,1
29,2,2,5,1
29,2,2,6,1
29,2,2,7,1
29,2,2,8,1
29,2,2,9,1
29,2,2,10,1
29,2,2,11,1
29,2,2,12,1
29,2,2,13,1
29,2,2,14,1
29,2,2,15,1
29,2,2,16,1
30,1,1,0,1
30,1,1,1,1
30,1,1,2,1
30,1,1,3,1
30,1,1,4,1
30,1,1,5,1
30,1,1,6,1
30,1,1,7,1
30,1,1,8,1
30,1,1,9,1
30,1,1,10,1
30,1,1,11,1
30,1,1,12,1
30,1,1,13,1
30,1,1,14,1
30,1,1,15,1
30,1,1,16,1
30,1,2,0,1
30,1,2,1,1
30,1,2,2,1
30,1,2,3,1
30,1,2,4,1
30,1,2,5,1
30,1,2,6,1
30,1,2,7,1
30,1,2,8,1
30,1,2,9,1
30,1,2,10,1
30,1,2,11,1
30,1,2,12,1
30,1,2,13,1
30,1,2,14,1
30,1,2,15,1
30,1,2,16,1
30,2,1,0,1
30,2,1,1,1
30,2,1,2,1
30,2,1,3,1
30,2,1,4,1
30,2,1,5,1
30,2,1,6,1
30,2,1,7,1
30,2,1,8,1
30,2,1,9,1
30,2,1,10,1
30,2,1,11,1
30,2,1,12,1
30,2,1,13,1
30,2,1,14,1
30,2,1,15,1
30,2,1,16,1
30,2,2,0,1
30,2,2,1,1
30,2,2,2,1
30,2,2,3,1
30,2,2,4,1
30,2,2,5,1
30,2,2,6,1
30,2,2,7,1
30,2,2,8,1
30,2,2,9,1
30,2,2,10,1
30,2,2,11,1
30,2,2,12,1
30,2,2,13,1
30,2,2,14,1
30,2,2,15,1
30,2,2,16,1
31,1,1,0,1
31,1,1,1,1
31,1,1,2,1
31,1,1,3,1
31,1,1,4,1
31,1,1,5,1
31,1,1,6,1
31,1,1,7,1
31,1,1,8,1
31,1,1,9,1
31,1,1,10,1
31,1,1,11,1
31,1,1,12,1
31,1,1,13,1
31,1,1,14,1
31,1,1,15,1
31,1,1,16,1
31,1,2,0,1
31,1,2,1,1
31,1,2,2,1
31,1,2,3,1
31,1,2,4,1
31,1,2,5,1
31,1,2,6,1
31,1,2,7,1
31,1,2,8,1
31,1,2,9,1
31,1,2,10,1
31,1,2,11,1
31,1,2,12,1
31,1,2,13,1
31,1,2,14,1
31,1,2,15,1
31,1,2,16,1
31,2,1,0,1
31,2,1,1,1
31,2,1,2,1
31,2,1,3,1
31,2,1,4,1
31,2,1,5,1
31,2,1,6,1
31,2,1,7,1
31,2,1,8,1
31,2,1,9,1
31,2,1,10,1
31,2,1,11,1
31,2,1,12,1
31,2,1,13,1
31,2,1,14,1
31,2,1,15,1
31,2,1,16,1
31,2,2,0,1
31,2,2,1,1
31,2,2,2,1
31,2,2,3,1
31,2,2,4,1
31,2,2,5,1
31,2,2,6,1
31,2,2,7,1
31,2,2,8,1
31,2,2,9,1
31,2,2,10,1
31,2,2,11,1
31,2,2,12,1
31,2,2,13,1
31,2,2,14,1
31,2,2,15,1
31,2,2,16,1
32,1,1,0,1
32,1,1,1,1
32,1,1,2,1
32,1,1,3,1
32,1,1,4,1
32,1,1,5,1
32,1,1,6,1
32,1,1,7,1
32,1,1,8,1
32,1,1,9,1
32,1,1,10,1
32,1,1,11,1
32,1,1,12,1
32,1,1,13,1
32,1,1,14,1
32,1,1,15,1
32,1,1,16,1
32,1,2,0,1
32,1,2,1,1
32,1,2,2,1
32,1,2,3,1
32,1,2,4,1
32,1,2,5,1
32,1,2,6,1
32,1,2,7,1
32,1,2,8,1
32,1,2,9,1
32,1,2,10,1
32,1,2,11,1
32,1,2,12,1
32,1,2,13,1
32,1,2,14,1
32,1,2,15,1
32,1,2,16,1
32,2,1,0,1
32,2,1,1,1
32,2,1,2,1
32,2,1,3,1
32,2,1,4,1
32,2,1,5,1
32,2,1,6,1
32,2,1,7,1
32,2,1,8,1
32,2,1,9,1
32,2,1,10,1
32,2,1,11,1
32,2,1,12,1
32,2,1,13,1
32,2,1,14,1
32,2,1,15,1
32,2,1,16,1
32,2,2,0,1
32,2,2,1,1
32,2,2,2,1
32,2,2,3,1
32,2,2,4,1
32,2,2,5,1
32,2,2,6,1
32,2,2,7,1
32,2,2,8,1
32,2,2,9,1
32,2,2,10,1
32,2,2,11,1
32,2,2,12,1
32,2,2,13,1
32,2,2,14,1
32,2,2,15,1
32,2,2,16,1
33,1,1,0,1
33,1,1,1,1
33,1,1,2,1
33,1,1,3,1
33,1,1,4,1
33,1,1,5,1
33,1,1,6,1
33,1,1,7,1
33,1,1,8,1
33,1,1,9,1
33,1,1,10,1
33,1,1,11,1
33,1,1,12,1
33,1,1,13,1
33,1,1,14,1
33,1,1,15,1
33,1,1,16,1
33,1,2,0,1
33,1,2,1,1
33,1,2,2,1
33,1,2,3,1
33,1,2,4,1
33,1,2,5,1
33,1,2,6,1
33,1,2,7,1
33,1,2,8,1
33,1,2,9,1
33,1,2,10,1
33,1,2,11,1
33,1,2,12,1
33,1,2,13,1
33,1,2,14,1
33,1,2,15,1
33,1,2,16,1
33,2,1,0,1
33,2,1,1,1
33,2,1,2,1
33,2,1,3,1
33,2,1,4,1
33,2,1,5,1
33,2,1,6,1
33,2,1,7,1
33,2,1,8,1
33,2,1,9,1
33,2,1,10,1
33,2,1,11,1
33,2,1,12,1
33,2,1,13,1
33,2,1,14,1
33,2,1,15,1
33,2,1,16,1
33,2,2,0,1
33,2,2,1,1
33,2,2,2,1
33,2,2,3,1
33,2,2,4,1
33,2,2,5,1
33,2,2,6,1
33,2,2,7,1
33,2,2,8,1
33,2,2,9,1
33,2,2,10,1
33,2,2,11,1
33,2,2,12,1
33,2,2,13,1
33,2,2,14,1
33,2,2,15,1
33,2,2,16,1
34,1,1,0,1
34,1,1,1,1
34,1,1,2,1
34,1,1,3,1
34,1,1,4,1
34,1,1,5,1
34,1,1,6,1
34,1,1,7,1
34,1,1,8,1
34,1,1,9,1
34,1,1,10,1
34,1,1,11,1
34,1,1,12,1
34,1,1,13,1
34,1,1,14,1
34,1,1,15,1
34,1,1,16,1
34,1,2,0,1
34,1,2,1,1
34,1,2,2,1
34,1,2,3,1
34,1,2,4,1
34,1,2,5,1
34,1,2,6,1
34,1,2,7,1
34,1,2,8,1
34,1,2,9,1
34,1,2,10,1
34,1,2,11,1
34,1,2,12,1
34,1,2,13,1
34,1,2,14,1
34,1,2,15,1
34,1,2,16,1
34,2,1,0,1
34,2,1,1,1
34,2,1,2,1
34,2,1,3,1
34,2,1,4,1
34,2,1,5,1
34,2,1,6,1
34,2,1,7,1
34,2,1,8,1
34,2,1,9,1
34,2,1,10,1
34,2,1,11,1
34,2,1,12,1
34,2,1,13,1
34,2,1,14,1
34,2,1,15,1
34,2,1,16,1
34,2,2,0,1
34,2,2,1,1
34,2,2,2,1
34,2,2,3,1
34,2,2,4,1
34,2,2,5,1
34,2,2,6,1
34,2,2,7,1
34,2,2,8,1
34,2,2,9,1
34,2,2,10,1
34,2,2,11,1
34,2,2,12,1
34,2,2,13,1
34,2,2,14,1
34,2,2,15,1
34,2,2,16,1
35,1,1,0,1
35,1,1,1,1
35,1,1,2,1
35,1,1,3,1
35,1,1,4,1
35,1,1,5,1
35,1,1,6,1
35,1,1,7,1
35,1,1,8,1
35,1,1,9,1
35,1,1,10,1
35,1,1,11,1
35,1,1,12,1
35,1,1,13,1
35,1,1,14,1
35,1,1,15,1
35,1,1,16,1
35,1,2,0,1
35,1,2,1,1
35,1,2,2,1
35,1,2,3,1
35,1,2,4,1
35,1,2,5,1
35,1,2,6,1
35,1,2,7,1
35,1,2,8,1
35,1,2,9,1
35,1,2,10,1
35,1,2,11,1
35,1,2,12,1
35,1,2,13,1
35,1,2,14,1
35,1,2,15,1
35,1,2,16,1
35,2,1,0,1
35,2,1,1,1
35,2,1,2,1
35,2,1,3,1
35,2,1,4,1
35,2,1,5,1
35,2,1,6,1
35,2,1,7,1
35,2,1,8,1
35,2,1,9,1
35,2,1,10,1
35,2,1,11,1
35,2,1,12,1
35,2,1,13,1
35,2,1,14,1
35,2,1,15,1
35,2,1,16,1
35,2,2,0,1
35,2,2,1,1
35,2,2,2,1
35,2,2,3,1
35,2,2,4,1
35,2,2,5,1
35,2,2,6,1
35,2,2,7,1
35,2,2,8,1
35,2,2,9,1
35,2,2,10,1
35,2,2,11,1
35,2,2,12,1
35,2,2,13,1
35,2,2,14,1
35,2,2,15,1
35,2,2,16,1
36,1,1,0,1
36,1,1,1,1
36,1,1,2,1
36,1,1,3,1
36,1,1,4,1
36,1,1,5,1
36,1,1,6,1
36,1,1,7,1
36,1,1,8,1
36,1,1,9,1
36,1,1,10,1
36,1,1,11,1
36,1,1,12,1
36,1,1,13,1
36,1,1,14,1
36,1,1,15,1
36,1,1,16,1
36,1,2,0,1
36,1,2,1,1
36,1,2,2,1
36,1,2,3,1
36,1,2,4,1
36,1,2,5,1
36,1,2,6,1
36,1,2,7,1
36,1,2,8,1
36,1,2,9,1
36,1,2,10,1
36,1,2,11,1
36,1,2,12,1
36,1,2,13,1
36,1,2,14,1
36,1,2,15,1
36,1,2,16,1
36,2,1,0,1
36,2,1,1,1
36,2,1,2,1
36,2,1,3,1
36,2,1,4,1
36,2,1,5,1
36,2,1,6,1
36,2,1,7,1
36,2,1,8,1
36,2,1,9,1
36,2,1,10,1
36,2,1,11,1
36,2,1,12,1
36,2,1,13,1
36,2,1,14,1
36,2,1,15,1
36,2,1,16,1
36,2,2,0,1
36,2,2,1,1
36,2,2,2,1
36,2,2,3,1
36,2,2,4,1
36,2,2,5,1
36,2,2,6,1
36,2,2,7,1
36,2,2,8,1
36,2,2,9,1
36,2,2,10,1
36,2,2,11,1
36,2,2,12,1
36,2,2,13,1
36,2,2,14,1
36,2,2,15,1
36,2,2,16,1
37,1,1,0,1
37,1,1,1,1
37,1,1,2,1
37,1,1,3,1
37,1,1,4,1
37,1,1,5,1
37,1,1,6,1
37,1,1,7,1
37,1,1,8,1
37,1,1,9,1
37,1,1,10,1
37,1,1,11,1
37,1,1,12,1
37,1,1,13,1
37,1,1,14,1
37,1,1,15,1
37,1,1,16,1
37,1,2,0,1
37,1,2,1,1
37,1,2,2,1
37,1,2,3,1
37,1,2,4,1
37,1,2,5,1
37,1,2,6,1
37,1,2,7,1
37,1,2,8,1
37,1,2,9,1
37,1,2,10,1
37,1,2,11,1
37,1,2,12,1
37,1,2,13,1
37,1,2,14,1
37,1,2,15,1
37,1,2,16,1
37,2,1,0,1
37,2,1,1,1
37,2,1,2,1
37,2,1,3,1
37,2,1,4,1
37,2,1,5,1
37,2,1,6,1
37,2,1,7,1
37,2,1,8,1
37,2,1,9,1
37,2,1,10,1
37,2,1,11,1
37,2,1,12,1
37,2,1,13,1
37,2,1,14,1
37,2,1,15,1
37,2,1,16,1
37,2,2,0,1
37,2,2,1,1
37,2,2,2,1
37,2,2,3,1
37,2,2,4,1
37,2,2,5,1
37,2,2,6,1
37,2,2,7,1
37,2,2,8,1
37,2,2,9,1
37,2,2,10,1
37,2,2,11,1
37,2,2,12,1
37,2,2,13,1
37,2,2,14,1
37,2,2,15,1
37,2,2,16,1
38,1,1,0,1
38,1,1,1,1
38,1,1,2,1
38,1,1,3,1
38,1,1,4,1
38,1,1,5,1
38,1,1,6,1
38,1,1,7,1
38,1,1,8,1
38,1,1,9,1
38,1,1,10,1
38,1,1,11,1
38,1,1,12,1
38,1,1,13,1
38,1,1,14,1
38,1,1,15,1
38,1,1,16,1
38,1,2,0,1
38,1,2,1,1
38,1,2,2,1
38,1,2,3,1
38,1,2,4,1
38,1,2,5,1
38,1,2,6,1
38,1,2,7,1
38,1,2,8,1
38,1,2,9,1
38,1,2,10,1
38,1,2,11,1
38,1,2,12,1
38,1,2,13,1
38,1,2,14,1
38,1,2,15,1
38,1,2,16,1
38,2,1,0,1
38,2,1,1,1
38,2,1,2,1
38,2,1,3,1
38,2,1,4,1
38,2,1,5,1
38,2,1,6,1
38,2,1,7,1
38,2,1,8,1
38,2,1,9,1
38,2,1,10,1
38,2,1,11,1
38,2,1,12,1
38,2,1,13,1
38,2,1,14,1
38,2,1,15,1
38,2,1,16,1
38,2,2,0,1
38,2,2,1,1
38,2,2,2,1
38,2,2,3,1
38,2,2,4,1
38,2,2,5,1
38,2,2,6,1
38,2,2,7,1
38,2,2,8,1
38,2,2,9,1
38,2,2,10,1
38,2,2,11,1
38,2,2,12,1
38,2,2,13,1
38,2,2,14,1
38,2,2,15,1
38,2,2,16,1
39,1,1,0,1
39,1,1,1,1
39,1,1,2,1
39,1,1,3,1
39,1,1,4,1
39,1,1,5,1
39,1,1,6,1
39,1,1,7,1
39,1,1,8,1
39,1,1,9,1
39,1,1,10,1
39,1,1,11,1
39,1,1,12,1
39,1,1,13,1
39,1,1,14,1
39,1,1,15,1
39,1,1,16,1
39,1,2,0,1
39,1,2,1,1
39,1,2,2,1
39,1,2,3,1
39,1,2,4,1
39,1,2,5,1
39,1,2,6,1
39,1,2,7,1
39,1,2,8,1
39,1,2,9,1
39,1,2,10,1
39,1,2,11,1
39,1,2,12,1
39,1,2,13,1
39,1,2,14,1
39,1,2,15,1
39,1,2,16,1
39,2,1,0,1
39,2,1,1,1
39,2,1,2,1
39,2,1,3,1
39,2,1,4,1
39,2,1,5,1
39,2,1,6,1
39,2,1,7,1
39,2,1,8,1
39,2,1,9,1
39,2,1,10,1
39,2,1,11,1
39,2,1,12,1
39,2,1,13,1
39,2,1,14,1
39,2,1,15,1
39,2,1,16,1
39,2,2,0,1
39,2,2,1,1
39,2,2,2,1
39,2,2,3,1
39,2,2,4,1
39,2,2,5,1
39,2,2,6,1
39,2,2,7,1
39,2,2,8,1
39,2,2,9,1
39,2,2,10,1
39,2,2,11,1
39,2,2,12,1
39,2,2,13,1
39,2,2,14,1
39,2,2,15,1
39,2,2,16,1
40,1,1,0,1
40,1,1,1,1
40,1,1,2,1
40,1,1,3,1
40,1,1,4,1
40,1,1,5,1
40,1,1,6,1
40,1,1,7,1
40,1,1,8,1
40,1,1,9,1
40,1,1,10,1
40,1,1,11,1
40,1,1,12,1
40,1,1,13,1
40,1,1,14,1
40,1,1,15,1
40,1,1,16,1
40,1,2,0,1
40,1,2,1,1
40,1,2,2,1
40,1,2,3,1
40,1,2,4,1
40,1,2,5,1
40,1,2,6,1
40,1,2,7,1
40,1,2,8,1
40,1,2,9,1
40,1,2,10,1
40,1,2,11,1
40,1,2,12,1
40,1,2,13,1
40,1,2,14,1
40,1,2,15,1
40,1,2,16,1
40,2,1,0,1
40,2,1,1,1
40,2,1,2,1
40,2,1,3,1
40,2,1,4,1
40,2,1,5,1
40,2,1,6,1
40,2,1,7,1
40,2,1,8,1
40,2,1,9,1
40,2,1,10,1
40,2,1,11,1
40,2,1,12,1
40,2,1,13,1
40,2,1,14,1
40,2,1,15,1
40,2,1,16,1
40,2,2,0,1
40,2,2,1,1
40,2,2,2,1
40,2,2,3,1
40,2,2,4,1
40,2,2,5,1
40,2,2,6,1
40,2,2,7,1
40,2,2,8,1
40,2,2,9,1
40,2,2,10,1
40,2,2,11,1
40,2,2,12,1
40,2,2,13,1
40,2,2,14,1
40,2,2,15,1
40,2,2,16,1
41,1,1,0,1
41,1,1,1,1
41,1,1,2,1
41,1,1,3,1
41,1,1,4,1
41,1,1,5,1
41,1,1,6,1
41,1,1,7,1
41,1,1,8,1
41,1,1,9,1
41,1,1,10,1
41,1,1,11,1
41,1,1,12,1
41,1,1,13,1
41,1,1,14,1
41,1,1,15,1
41,1,1,16,1
41,1,2,0,1
41,1,2,1,1
41,1,2,2,1
41,1,2,3,1
41,1,2,4,1
41,1,2,5,1
41,1,2,6,1
41,1,2,7,1
41,1,2,8,1
41,1,2,9,1
41,1,2,10,1
41,1,2,11,1
41,1,2,12,1
41,1,2,13,1
41,1,2,14,1
41,1,2,15,1
41,1,2,16,1
41,2,1,0,1
41,2,1,1,1
41,2,1,2,1
41,2,1,3,1
41,2,1,4,1
41,2,1,5,1
41,2,1,6,1
41,2,1,7,1
41,2,1,8,1
41,2,1,9,1
41,2,1,10,1
41,2,1,11,1
41,2,1,12,1
41,2,1,13,1
41,2,1,14,1
41,2,1,15,1
41,2,1,16,1
41,2,2,0,1
41,2,2,1,1
41,2,2,2,1
41,2,2,3,1
41,2,2,4,1
41,2,2,5,1
41,2,2,6,1
41,2,2,7,1
41,2,2,8,1
41,2,2,9,1
41,2,2,10,1
41,2,2,11,1
41,2,2,12,1
41,2,2,13,1
41,2,2,14,1
41,2,2,15,1
41,2,2,16,1
42,1,1,0,1
42,1,1,1,1
42,1,1,2,1
42,1,1,3,1
42,1,1,4,1
42,1,1,5,1
42,1,1,6,1
42,1,1,7,1
42,1,1,8,1
42,1,1,9,1
42,1,1,10,1
42,1,1,11,1
42,1,1,12,1
42,1,1,13,1
42,1,1,14,1
42,1,1,15,1
42,1,1,16,1
42,1,2,0,1
42,1,2,1,1
42,1,2,2,1
42,1,2,3,1
42,1,2,4,1
42,1,2,5,1
42,1,2,6,1
42,1,2,7,1
42,1,2,8,1
42,1,2,9,1
42,1,2,10,1
42,1,2,11,1
42,1,2,12,1
42,1,2,13,1
42,1,2,14,1
42,1,2,15,1
42,1,2,16,1
42,2,1,0,1
42,2,1,1,1
42,2,1,2,1
42,2,1,3,1
42,2,1,4,1
42,2,1,5,1
42,2,1,6,1
42,2,1,7,1
42,2,1,8,1
42,2,1,9,1
42,2,1,10,1
42,2,1,11,1
42,2,1,12,1
42,2,1,13,1
42,2,1,14,1
42,2,1,15,1
42,2,1,16,1
42,2,2,0,1
42,2,2,1,1
42,2,2,2,1
42,2,2,3,1
42,2,2,4,1
42,2,2,5,1
42,2,2,6,1
42,2,2,7,1
42,2,2,8,1
42,2,2,9,1
42,2,2,10,1
42,2,2,11,1
42,2,2,12,1
42,2,2,13,1
42,2,2,14,1
42,2,2,15,1
42,2,2,16,1
43,1,1,0,1
43,1,1,1,1
43,1,1,2,1
43,1,1,3,1
43,1,1,4,1
43,1,1,5,1
43,1,1,6,1
43,1,1,7,1
43,1,1,8,1
43,1,1,9,1
43,1,1,10,1
43,1,1,11,1
43,1,1,12,1
43,1,1,13,1
43,1,1,14,1
43,1,1,15,1
43,1,1,16,1
43,1,2,0,1
43,1,2,1,1
43,1,2,2,1
43,1,2,3,1
43,1,2,4,1
43,1,2,5,1
43,1,2,6,1
43,1,2,7,1
43,1,2,8,1
43,1,2,9,1
43,1,2,10,1
43,1,2,11,1
43,1,2,12,1
43,1,2,13,1
43,1,2,14,1
43,1,2,15,1
43,1,2,16,1
43,2,1,0,1
43,2,1,1,1
43,2,1,2,1
43,2,1,3,1
43,2,1,4,1
43,2,1,5,1
43,2,1,6,1
43,2,1,7,1
43,2,1,8,1
43,2,1,9,1
43,2,1,10,1
43,2,1,11,1
43,2,1,12,1
43,2,1,13,1
43,2,1,14,1
43,2,1,15,1
43,2,1,16,1
43,2,2,0,1
43,2,2,1,1
43,2,2,2,1
43,2,2,3,1
43,2,2,4,1
43,2,2,5,1
43,2,2,6,1
43,2,2,7,1
43,2,2,8,1
43,2,2,9,1
43,2,2,10,1
43,2,2,11,1
43,2,2,12,1
43,2,2,13,1
43,2,2,14,1
43,2,2,15,1
43,2,2,16,1
44,1,1,0,1
44,1,1,1,1
44,1,1,2,1
44,1,1,3,1
44,1,1,4,1
44,1,1,5,1
44,1,1,6,1
44,1,1,7,1
44,1,1,8,1
44,1,1,9,1
44,1,1,10,1
44,1,1,11,1
44,1,1,12,1
44,1,1,13,1
44,1,1,14,1
44,1,1,15,1
44,1,1,16,1
44,1,2,0,1
44,1,2,1,1
44,1,2,2,1
44,1,2,3,1
44,1,2,4,1
44,1,2,5,1
44,1,2,6,1
44,1,2,7,1
44,1,2,8,1
44,1,2,9,1
44,1,2,10,1
44,1,2,11,1
44,1,2,12,1
44,1,2,13,1
44,1,2,14,1
44,1,2,15,1
44,1,2,16,1
44,2,1,0,1
44,2,1,1,1
44,2,1,2,1
44,2,1,3,1
44,2,1,4,1
44,2,1,5,1
44,2,1,6,1
44,2,1,7,1
44,2,1,8,1
44,2,1,9,1
44,2,1,10,1
44,2,1,11,1
44,2,1,12,1
44,2,1,13,1
44,2,1,14,1
44,2,1,15,1
44,2,1,16,1
44,2,2,0,1
44,2,2,1,1
44,2,2,2,1
44,2,2,3,1
44,2,2,4,1
44,2,2,5,1
44,2,2,6,1
44,2,2,7,1
44,2,2,8,1
44,2,2,9,1
44,2,2,10,1
44,2,2,11,1
44,2,2,12,1
44,2,2,13,1
44,2,2,14,1
44,2,2,15,1
44,2,2,16,1
45,1,1,0,1
45,1,1,1,1
45,1,1,2,1
45,1,1,3,1
45,1,1,4,1
45,1,1,5,1
45,1,1,6,1
45,1,1,7,1
45,1,1,8,1
45,1,1,9,1
45,1,1,10,1
45,1,1,11,1
45,1,1,12,1
45,1,1,13,1
45,1,1,14,1
45,1,1,15,1
45,1,1,16,1
45,1,2,0,1
45,1,2,1,1
45,1,2,2,1
45,1,2,3,1
45,1,2,4,1
45,1,2,5,1
45,1,2,6,1
45,1,2,7,1
45,1,2,8,1
45,1,2,9,1
45,1,2,10,1
45,1,2,11,1
45,1,2,12,1
45,1,2,13,1
45,1,2,14,1
45,1,2,15,1
45,1,2,16,1
45,2,1,0,1
45,2,1,1,1
45,2,1,2,1
45,2,1,3,1
45,2,1,4,1
45,2,1,5,1
45,2,1,6,1
45,2,1,7,1
45,2,1,8,1
45,2,1,9,1
45,2,1,10,1
45,2,1,11,1
45,2,1,12,1
45,2,1,13,1
45,2,1,14,1
45,2,1,15,1
45,2,1,16,1
45,2,2,0,1
45,2,2,1,1
45,2,2,2,1
45,2,2,3,1
45,2,2,4,1
45,2,2,5,1
45,2,2,6,1
45,2,2,7,1
45,2,2,8,1
45,2,2,9,1
45,2,2,10,1
45,2,2,11,1
45,2,2,12,1
45,2,2,13,1
45,2,2,14,1
45,2,2,15,1
45,2,2,16,1
46,1,1,0,1
46,1,1,1,1
46,1,1,2,1
46,1,1,3,1
46,1,1,4,1
46,1,1,5,1
46,1,1,6,1
46,1,1,7,1
46,1,1,8,1
46,1,1,9,1
46,1,1,10,1
46,1,1,11,1
46,1,1,12,1
46,1,1,13,1
46,1,1,14,1
46,1,1,15,1
46,1,1,16,1
46,1,2,0,1
46,1,2,1,1
46,1,2,2,1
46,1,2,3,1
46,1,2,4,1
46,1,2,5,1
46,1,2,6,1
46,1,2,7,1
46,1,2,8,1
46,1,2,9,1
46,1,2,10,1
46,1,2,11,1
46,1,2,12,1
46,1,2,13,1
46,1,2,14,1
46,1,2,15,1
46,1,2,16,1
46,2,1,0,1
46,2,1,1,1
46,2,1,2,1
46,2,1,3,1
46,2,1,4,1
46,2,1,5,1
46,2,1,6,1
46,2,1,7,1
46,2,1,8,1
46,2,1,9,1
46,2,1,10,1
46,2,1,11,1
46,2,1,12,1
46,2,1,13,1
46,2,1,14,1
46,2,1,15,1
46,2,1,16,1
46,2,2,0,1
46,2,2,1,1
46,2,2,2,1
46,2,2,3,1
46,2,2,4,1
46,2,2,5,1
46,2,2,6,1
46,2,2,7,1
46,2,2,8,1
46,2,2,9,1
46,2,2,10,1
46,2,2,11,1
46,2,2,12,1
46,2,2,13,1
46,2,2,14,1
46,2,2,15,1
46,2,2,16,1
47,1,1,0,1
47,1,1,1,1
47,1,1,2,1
47,1,1,3,1
47,1,1,4,1
47,1,1,5,1
47,1,1,6,1
47,1,1,7,1
47,1,1,8,1
47,1,1,9,1
47,1,1,10,1
47,1,1,11,1
47,1,1,12,1
47,1,1,13,1
47,1,1,14,1
47,1,1,15,1
47,1,1,16,1
47,1,2,0,1
47,1,2,1,1
47,1,2,2,1
47,1,2,3,1
47,1,2,4,1
47,1,2,5,1
47,1,2,6,1
47,1,2,7,1
47,1,2,8,1
47,1,2,9,1
47,1,2,10,1
47,1,2,11,1
47,1,2,12,1
47,1,2,13,1
47,1,2,14,1
47,1,2,15,1
47,1,2,16,1
47,2,1,0,1
47,2,1,1,1
47,2,1,2,1
47,2,1,3,1
47,2,1,4,1
47,2,1,5,1
47,2,1,6,1
47,2,1,7,1
47,2,1,8,1
47,2,1,9,1
47,2,1,10,1
47,2,1,11,1
47,2,1,12,1
47,2,1,13,1
47,2,1,14,1
47,2,1,15,1
47,2,1,16,1
47,2,2,0,1
47,2,2,1,1
47,2,2,2,1
47,2,2,3,1
47,2,2,4,1
47,2,2,5,1
47,2,2,6,1
47,2,2,7,1
47,2,2,8,1
47,2,2,9,1
47,2,2,10,1
47,2,2,11,1
47,2,2,12,1
47,2,2,13,1
47,2,2,14,1
47,2,2,15,1
47,2,2,16,1
48,1,1,0,1
48,1,1,1,1
48,1,1,2,1
48,1,1,3,1
48,1,1,4,1
48,1,1,5,1
48,1,1,6,1
48,1,1,7,1
48,1,1,8,1
48,1,1,9,1
48,1,1,10,1
48,1,1,11,1
48,1,1,12,1
48,1,1,13,1
48,1,1,14,1
48,1,1,15,1
48,1,1,16,1
48,1,2,0,1
48,1,2,1,1
48,1,2,2,1
48,1,2,3,1
48,1,2,4,1
48,1,2,5,1
48,1,2,6,1
48,1,2,7,1
48,1,2,8,1
48,1,2,9,1
48,1,2,10,1
48,1,2,11,1
48,1,2,12,1
48,1,2,13,1
48,1,2,14,1
48,1,2,15,1
48,1,2,16,1
48,2,1,0,1
48,2,1,1,1
48,2,1,2,1
48,2,1,3,1
48,2,1,4,1
48,2,1,5,1
48,2,1,6,1
48,2,1,7,1
48,2,1,8,1
48,2,1,9,1
48,2,1,10,1
48,2,1,11,1
48,2,1,12,1
48,2,1,13,1
48,2,1,14,1
48,2,1,15,1
48,2,1,16,1
48,2,2,0,1
48,2,2,1,1
48,2,2,2,1
48,2,2,3,1
48,2,2,4,1
48,2,2,5,1
48,2,2,6,1
48,2,2,7,1
48,2,2,8,1
48,2,2,9,1
48,2,2,10,1
48,2,2,11,1
48,2,2,12,1
48,2,2,13,1
48,2,2,14,1
48,2,2,15,1
48,2,2,16,1
49,1,1,0,1
49,1,1,1,1
49,1,1,2,1
49,1,1,3,1
49,1,1,4,1
49,1,1,5,1
49,1,1,6,1
49,1,1,7,1
49,1,1,8,1
49,1,1,9,1
49,1,1,10,1
49,1,1,11,1
49,1,1,12,1
49,1,1,13,1
49,1,1,14,1
49,1,1,15,1
49,1,1,16,1
49,1,2,0,1
49,1,2,1,1
49,1,2,2,1
49,1,2,3,1
49,1,2,4,1
49,1,2,5,1
49,1,2,6,1
49,1,2,7,1
49,1,2,8,1
49,1,2,9,1
49,1,2,10,1
49,1,2,11,1
49,1,2,12,1
49,1,2,13,1
49,1,2,14,1
49,1,2,15,1
49,1,2,16,1
49,2,1,0,1
49,2,1,1,1
49,2,1,2,1
49,2,1,3,1
49,2,1,4,1
49,2,1,5,1
49,2,1,6,1
49,2,1,7,1
49,2,1,8,1
49,2,1,9,1
49,2,1,10,1
49,2,1,11,1
49,2,1,12,1
49,2,1,13,1
49,2,1,14,1
49,2,1,15,1
49,2,1,16,1
49,2,2,0,1
49,2,2,1,1
49,2,2,2,1
49,2,2,3,1
49,2,2,4,1
49,2,2,5,1
49,2,2,6,1
49,2,2,7,1
49,2,2,8,1
49,2,2,9,1
49,2,2,10,1
49,2,2,11,1
49,2,2,12,1
49,2,2,13,1
49,2,2,14,1
49,2,2,15,1
49,2,2,16,1
50,1,1,0,1
50,1,1,1,1
50,1,1,2,1
50,1,1,3,1
50,1,1,4,1
50,1,1,5,1
50,1,1,6,1
50,1,1,7,1
50,1,1,8,1
50,1,1,9,1
50,1,1,10,1
50,1,1,11,1
50,1,1,12,1
50,1,1,13,1
50,1,1,14,1
50,1,1,15,1
50,1,1,16,1
50,1,2,0,1
50,1,2,1,1
50,1,2,2,1
50,1,2,3,1
50,1,2,4,1
50,1,2,5,1
50,1,2,6,1
50,1,2,7,1
50,1,2,8,1
50,1,2,9,1
50,1,2,10,1
50,1,2,11,1
50,1,2,12,1
50,1,2,13,1
50,1,2,14,1
50,1,2,15,1
50,1,2,16,1
50,2,1,0,1
50,2,1,1,1
50,2,1,2,1
50,2,1,3,1
50,2,1,4,1
50,2,1,5,1
50,2,1,6,1
50,2,1,7,1
50,2,1,8,1
50,2,1,9,1
50,2,1,10,1
50,2,1,11,1
50,2,1,12,1
50,2,1,13,1
50,2,1,14,1
50,2,1,15,1
50,2,1,16,1
50,2,2,0,1
50,2,2,1,1
50,2,2,2,1
50,2,2,3,1
50,2,2,4,1
50,2,2,5,1
50,2,2,6,1
50,2,2,7,1
50,2,2,8,1
50,2,2,9,1
50,2,2,10,1
50,2,2,11,1
50,2,2,12,1
50,2,2,13,1
50,2,2,14,1
50,2,2,15,1
50,2,2,16,1
51,1,1,0,1
51,1,1,1,1
51,1,1,2,1
51,1,1,3,1
51,1,1,4,1
51,1,1,5,1
51,1,1,6,1
51,1,1,7,1
51,1,1,8,1
51,1,1,9,1
51,1,1,10,1
51,1,1,11,1
51,1,1,12,1
51,1,1,13,1
51,1,1,14,1
51,1,1,15,1
51,1,1,16,1
51,1,2,0,1
51,1,2,1,1
51,1,2,2,1
51,1,2,3,1
51,1,2,4,1
51,1,2,5,1
51,1,2,6,1
51,1,2,7,1
51,1,2,8,1
51,1,2,9,1
51,1,2,10,1
51,1,2,11,1
51,1,2,12,1
51,1,2,13,1
51,1,2,14,1
51,1,2,15,1
51,1,2,16,1
51,2,1,0,1
51,2,1,1,1
51,2,1,2,1
51,2,1,3,1
51,2,1,4,1
51,2,1,5,1
51,2,1,6,1
51,2,1,7,1
51,2,1,8,1
51,2,1,9,1
51,2,1,10,1
51,2,1,11,1
51,2,1,12,1
51,2,1,13,1
51,2,1,14,1
51,2,1,15,1
51,2,1,16,1
51,2,2,0,1
51,2,2,1,1
51,2,2,2,1
51,2,2,3,1
51,2,2,4,1
51,2,2,5,1
51,2,2,6,1
51,2,2,7,1
51,2,2,8,1
51,2,2,9,1
51,2,2,10,1
51,2,2,11,1
51,2,2,12,1
51,2,2,13,1
51,2,2,14,1
51,2,2,15,1
51,2,2,16,1
52,1,1,0,1
52,1,1,1,1
52,1,1,2,1
52,1,1,3,1
52,1,1,4,1
52,1,1,5,1
52,1,1,6,1
52,1,1,7,1
52,1,1,8,1
52,1,1,9,1
52,1,1,10,1
52,1,1,11,1
52,1,1,12,1
52,1,1,13,1
52,1,1,14,1
52,1,1,15,1
52,1,1,16,1
52,1,2,0,1
52,1,2,1,1
52,1,2,2,1
52,1,2,3,1
52,1,2,4,1
52,1,2,5,1
52,1,2,6,1
52,1,2,7,1
52,1,2,8,1
52,1,2,9,1
52,1,2,10,1
52,1,2,11,1
52,1,2,12,1
52,1,2,13,1
52,1,2,14,1
52,1,2,15,1
52,1,2,16,1
52,2,1,0,1
52,2,1,1,1
52,2,1,2,1
52,2,1,3,1
52,2,1,4,1
52,2,1,5,1
52,2,1,6,1
52,2,1,7,1
52,2,1,8,1
52,2,1,9,1
52,2,1,10,1
52,2,1,11,1
52,2,1,12,1
52,2,1,13,1
52,2,1,14,1
52,2,1,15,1
52,2,1,16,1
52,2,2,0,1
52,2,2,1,1
52,2,2,2,1
52,2,2,3,1
52,2,2,4,1
52,2,2,5,1
52,2,2,6,1
52,2,2,7,1
52,2,2,8,1
52,2,2,9,1
52,2,2,10,1
52,2,2,11,1
52,2,2,12,1
52,2,2,13,1
52,2,2,14,1
52,2,2,15,1
52,2,2,16,1
53,1,1,0,1
53,1,1,1,1
53,1,1,2,1
53,1,1,3,1
53,1,1,4,1
53,1,1,5,1
53,1,1,6,1
53,1,1,7,1
53,1,1,8,1
53,1,1,9,1
53,1,1,10,1
53,1,1,11,1
53,1,1,12,1
53,1,1,13,1
53,1,1,14,1
53,1,1,15,1
53,1,1,16,1
53,1,2,0,1
53,1,2,1,1
53,1,2,2,1
53,1,2,3,1
53,1,2,4,1
53,1,2,5,1
53,1,2,6,1
53,1,2,7,1
53,1,2,8,1
53,1,2,9,1
53,1,2,10,1
53,1,2,11,1
53,1,2,12,1
53,1,2,13,1
53,1,2,14,1
53,1,2,15,1
53,1,2,16,1
53,2,1,0,1
53,2,1,1,1
53,2,1,2,1
53,2,1,3,1
53,2,1,4,1
53,2,1,5,1
53,2,1,6,1
53,2,1,7,1
53,2,1,8,1
53,2,1,9,1
53,2,1,10,1
53,2,1,11,1
53,2,1,12,1
53,2,1,13,1
53,2,1,14,1
53,2,1,15,1
53,2,1,16,1
53,2,2,0,1
53,2,2,1,1
53,2,2,2,1
53,2,2,3,1
53,2,2,4,1
53,2,2,5,1
53,2,2,6,1
53,2,2,7,1
53,2,2,8,1
53,2,2,9,1
53,2,2,10,1
53,2,2,11,1
53,2,2,12,1
53,2,2,13,1
53,2,2,14,1
53,2,2,15,1
53,2,2,16,1
54,1,1,0,1
54,1,1,1,1
54,1,1,2,1
54,1,1,3,1
54,1,1,4,1
54,1,1,5,1
54,1,1,6,1
54,1,1,7,1
54,1,1,8,1
54,1,1,9,1
54,1,1,10,1
54,1,1,11,1
54,1,1,12,1
54,1,1,13,1
54,1,1,14,1
54,1,1,15,1
54,1,1,16,1
54,1,2,0,1
54,1,2,1,1
54,1,2,2,1
54,1,2,3,1
54,1,2,4,1
54,1,2,5,1
54,1,2,6,1
54,1,2,7,1
54,1,2,8,1
54,1,2,9,1
54,1,2,10,1
54,1,2,11,1
54,1,2,12,1
54,1,2,13,1
54,1,2,14,1
54,1,2,15,1
54,1,2,16,1
54,2,1,0,1
54,2,1,1,1
54,2,1,2,1
54,2,1,3,1
54,2,1,4,1
54,2,1,5,1
54,2,1,6,1
54,2,1,7,1
54,2,1,8,1
54,2,1,9,1
54,2,1,10,1
54,2,1,11,1
54,2,1,12,1
54,2,1,13,1
54,2,1,14,1
54,2,1,15,1
54,2,1,16,1
54,2,2,0,1
54,2,2,1,1
54,2,2,2,1
54,2,2,3,1
54,2,2,4,1
54,2,2,5,1
54,2,2,6,1
54,2,2,7,1
54,2,2,8,1
54,2,2,9,1
54,2,2,10,1
54,2,2,11,1
54,2,2,12,1
54,2,2,13,1
54,2,2,14,1
54,2,2,15,1
54,2,2,16,1
55,1,1,0,1
55,1,1,1,1
55,1,1,2,1
55,1,1,3,1
55,1,1,4,1
55,1,1,5,1
55,1,1,6,1
55,1,1,7,1
55,1,1,8,1
55,1,1,9,1
55,1,1,10,1
55,1,1,11,1
55,1,1,12,1
55,1,1,13,1
55,1,1,14,1
55,1,1,15,1
55,1,1,16,1
55,1,2,0,1
55,1,2,1,1
55,1,2,2,1
55,1,2,3,1
55,1,2,4,1
55,1,2,5,1
55,1,2,6,1
55,1,2,7,1
55,1,2,8,1
55,1,2,9,1
55,1,2,10,1
55,1,2,11,1
55,1,2,12,1
55,1,2,13,1
55,1,2,14,1
55,1,2,15,1
55,1,2,16,1
55,2,1,0,1
55,2,1,1,1
55,2,1,2,1
55,2,1,3,1
55,2,1,4,1
55,2,1,5,1
55,2,1,6,1
55,2,1,7,1
55,2,1,8,1
55,2,1,9,1
55,2,1,10,1
55,2,1,11,1
55,2,1,12,1
55,2,1,13,1
55,2,1,14,1
55,2,1,15,1
55,2,1,16,1
55,2,2,0,1
55,2,2,1,1
55,2,2,2,1
55,2,2,3,1
55,2,2,4,1
55,2,2,5,1
55,2,2,6,1
55,2,2,7,1
55,2,2,8,1
55,2,2,9,1
55,2,2,10,1
55,2,2,11,1
55,2,2,12,1
55,2,2,13,1
55,2,2,14,1
55,2,2,15,1
55,2,2,16,1
56,1,1,0,1
56,1,1,1,1
56,1,1,2,1
56,1,1,3,1
56,1,1,4,1
56,1,1,5,1
56,1,1,6,1
56,1,1,7,1
56,1,1,8,1
56,1,1,9,1
56,1,1,10,1
56,1,1,11,1
56,1,1,12,1
56,1,1,13,1
56,1,1,14,1
56,1,1,15,1
56,1,1,16,1
56,1,2,0,1
56,1,2,1,1
56,1,2,2,1
56,1,2,3,1
56,1,2,4,1
56,1,2,5,1
56,1,2,6,1
56,1,2,7,1
56,1,2,8,1
56,1,2,9,1
56,1,2,10,1
56,1,2,11,1
56,1,2,12,1
56,1,2,13,1
56,1,2,14,1
56,1,2,15,1
56,1,2,16,1
56,2,1,0,1
56,2,1,1,1
56,2,1,2,1
56,2,1,3,1
56,2,1,4,1
56,2,1,5,1
56,2,1,6,1
56,2,1,7,1
56,2,1,8,1
56,2,1,9,1
56,2,1,10,1
56,2,1,11,1
56,2,1,12,1
56,2,1,13,1
56,2,1,14,1
56,2,1,15,1
56,2,1,16,1
56,2,2,0,1
56,2,2,1,1
56,2,2,2,1
56,2,2,3,1
56,2,2,4,1
56,2,2,5,1
56,2,2,6,1
56,2,2,7,1
56,2,2,8,1
56,2,2,9,1
56,2,2,10,1
56,2,2,11,1
56,2,2,12,1
56,2,2,13,1
56,2,2,14,1
56,2,2,15,1
56,2,2,16,1
57,1,1,0,1
57,1,1,1,1
57,1,1,2,1
57,1,1,3,1
57,1,1,4,1
57,1,1,5,1
57,1,1,6,1
57,1,1,7,1
57,1,1,8,1
57,1,1,9,1
57,1,1,10,1
57,1,1,11,1
57,1,1,12,1
57,1,1,13,1
57,1,1,14,1
57,1,1,15,1
57,1,1,16,1
57,1,2,0,1
57,1,2,1,1
57,1,2,2,1
57,1,2,3,1
57,1,2,4,1
57,1,2,5,1
57,1,2,6,1
57,1,2,7,1
57,1,2,8,1
57,1,2,9,1
57,1,2,10,1
57,1,2,11,1
57,1,2,12,1
57,1,2,13,1
57,1,2,14,1
57,1,2,15,1
57,1,2,16,1
57,2,1,0,1
57,2,1,1,1
57,2,1,2,1
57,2,1,3,1
57,2,1,4,1
57,2,1,5,1
57,2,1,6,1
57,2,1,7,1
57,2,1,8,1
57,2,1,9,1
57,2,1,10,1
57,2,1,11,1
57,2,1,12,1
57,2,1,13,1
57,2,1,14,1
57,2,1,15,1
57,2,1,16,1
57,2,2,0,1
57,2,2,1,1
57,2,2,2,1
57,2,2,3,1
57,2,2,4,1
57,2,2,5,1
57,2,2,6,1
57,2,2,7,1
57,2,2,8,1
57,2,2,9,1
57,2,2,10,1
57,2,2,11,1
57,2,2,12,1
57,2,2,13,1
57,2,2,14,1
57,2,2,15,1
57,2,2,16,1
58,1,1,0,1
58,1,1,1,1
58,1,1,2,1
58,1,1,3,1
58,1,1,4,1
58,1,1,5,1
58,1,1,6,1
58,1,1,7,1
58,1,1,8,1
58,1,1,9,1
58,1,1,10,1
58,1,1,11,1
58,1,1,12,1
58,1,1,13,1
58,1,1,14,1
58,1,1,15,1
58,1,1,16,1
58,1,2,0,1
58,1,2,1,1
58,1,2,2,1
58,1,2,3,1
58,1,2,4,1
58,1,2,5,1
58,1,2,6,1
58,1,2,7,1
58,1,2,8,1
58,1,2,9,1
58,1,2,10,1
58,1,2,11,1
58,1,2,12,1
58,1,2,13,1
58,1,2,14,1
58,1,2,15,1
58,1,2,16,1
58,2,1,0,1
58,2,1,1,1
58,2,1,2,1
58,2,1,3,1
58,2,1,4,1
58,2,1,5,1
58,2,1,6,1
58,2,1,7,1
58,2,1,8,1
58,2,1,9,1
58,2,1,10,1
58,2,1,11,1
58,2,1,12,1
58,2,1,13,1
58,2,1,14,1
58,2,1,15,1
58,2,1,16,1
58,2,2,0,1
58,2,2,1,1
58,2,2,2,1
58,2,2,3,1
58,2,2,4,1
58,2,2,5,1
58,2,2,6,1
58,2,2,7,1
58,2,2,8,1
58,2,2,9,1
58,2,2,10,1
58,2,2,11,1
58,2,2,12,1
58,2,2,13,1
58,2,2,14,1
58,2,2,15,1
58,2,2,16,1
59,1,1,0,1
59,1,1,1,1
59,1,1,2,1
59,1,1,3,1
59,1,1,4,1
59,1,1,5,1
59,1,1,6,1
59,1,1,7,1
59,1,1,8,1
59,1,1,9,1
59,1,1,10,1
59,1,1,11,1
59,1,1,12,1
59,1,1,13,1
59,1,1,14,1
59,1,1,15,1
59,1,1,16,1
59,1,2,0,1
59,1,2,1,1
59,1,2,2,1
59,1,2,3,1
59,1,2,4,1
59,1,2,5,1
59,1,2,6,1
59,1,2,7,1
59,1,2,8,1
59,1,2,9,1
59,1,2,10,1
59,1,2,11,1
59,1,2,12,1
59,1,2,13,1
59,1,2,14,1
59,1,2,15,1
59,1,2,16,1
59,2,1,0,1
59,2,1,1,1
59,2,1,2,1
59,2,1,3,1
59,2,1,4,1
59,2,1,5,1
59,2,1,6,1
59,2,1,7,1
59,2,1,8,1
59,2,1,9,1
59,2,1,10,1
59,2,1,11,1
59,2,1,12,1
59,2,1,13,1
59,2,1,14,1
59,2,1,15,1
59,2,1,16,1
59,2,2,0,1
59,2,2,1,1
59,2,2,2,1
59,2,2,3,1
59,2,2,4,1
59,2,2,5,1
59,2,2,6,1
59,2,2,7,1
59,2,2,8,1
59,2,2,9,1
59,2,2,10,1
59,2,2,11,1
59,2,2,12,1
59,2,2,13,1
59,2,2,14,1
59,2,2,15,1
59,2,2,16,1
60,1,1,0,1
60,1,1,1,1
60,1,1,2,1
60,1,1,3,1
60,1,1,4,1
60,1,1,5,1
60,1,1,6,1
60,1,1,7,1
60,1,1,8,1
60,1,1,9,1
60,1,1,10,1
60,1,1,11,1
60,1,1,12,1
60,1,1,13,1
60,1,1,14,1
60,1,1,15,1
60,1,1,16,1
60,1,2,0,1
60,1,2,1,1
60,1,2,2,1
60,1,2,3,1
60,1,2,4,1
60,1,2,5,1
60,1,2,6,1
60,1,2,7,1
60,1,2,8,1
60,1,2,9,1
60,1,2,10,1
60,1,2,11,1
60,1,2,12,1
60,1,2,13,1
60,1,2,14,1
60,1,2,15,1
60,1,2,16,1
60,2,1,0,1
60,2,1,1,1
60,2,1,2,1
60,2,1,3,1
60,2,1,4,1
60,2,1,5,1
60,2,1,6,1
60,2,1,7,1
60,2,1,8,1
60,2,1,9,1
60,2,1,10,1
60,2,1,11,1
60,2,1,12,1
60,2,1,13,1
60,2,1,14,1
60,2,1,15,1
60,2,1,16,1
60,2,2,0,1
60,2,2,1,1
60,2,2,2,1
60,2,2,3,1
60,2,2,4,1
60,2,2,5,1
60,2,2,6,1
60,2,2,7,1
60,2,2,8,1
60,2,2,9,1
60,2,2,10,1
60,2,2,11,1
60,2,2,12,1
60,2,2,13,1
60,2,2,14,1
60,2,2,15,1
60,2,2,16,1
61,1,1,0,1
61,1,1,1,1
61,1,1,2,1
61,1,1,3,1
61,1,1,4,1
61,1,1,5,1
61,1,1,6,1
61,1,1,7,1
61,1,1,8,1
61,1,1,9,1
61,1,1,10,1
61,1,1,11,1
61,1,1,12,1
61,1,1,13,1
61,1,1,14,1
61,1,1,15,1
61,1,1,16,1
61,1,2,0,1
61,1,2,1,1
61,1,2,2,1
61,1,2,3,1
61,1,2,4,1
61,1,2,5,1
61,1,2,6,1
61,1,2,7,1
61,1,2,8,1
61,1,2,9,1
61,1,2,10,1
61,1,2,11,1
61,1,2,12,1
61,1,2,13,1
61,1,2,14,1
61,1,2,15,1
61,1,2,16,1
61,2,1,0,1
61,2,1,1,1
61,2,1,2,1
61,2,1,3,1
61,2,1,4,1
61,2,1,5,1
61,2,1,6,1
61,2,1,7,1
61,2,1,8,1
61,2,1,9,1
61,2,1,10,1
61,2,1,11,1
61,2,1,12,1
61,2,1,13,1
61,2,1,14,1
61,2,1,15,1
61,2,1,16,1
61,2,2,0,1
61,2,2,1,1
61,2,2,2,1
61,2,2,3,1
61,2,2,4,1
61,2,2,5,1
61,2,2,6,1
61,2,2,7,1
61,2,2,8,1
61,2,2,9,1
61,2,2,10,1
61,2,2,11,1
61,2,2,12,1
61,2,2,13,1
61,2,2,14,1
61,2,2,15,1
61,2,2,16,1
62,1,1,0,1
62,1,1,1,1
62,1,1,2,1
62,1,1,3,1
62,1,1,4,1
62,1,1,5,1
62,1,1,6,1
62,1,1,7,1
62,1,1,8,1
62,1,1,9,1
62,1,1,10,1
62,1,1,11,1
62,1,1,12,1
62,1,1,13,1
62,1,1,14,1
62,1,1,15,1
62,1,1,16,1
62,1,2,0,1
62,1,2,1,1
62,1,2,2,1
62,1,2,3,1
62,1,2,4,1
62,1,2,5,1
62,1,2,6,1
62,1,2,7,1
62,1,2,8,1
62,1,2,9,1
62,1,2,10,1
62,1,2,11,1
62,1,2,12,1
62,1,2,13,1
62,1,2,14,1
62,1,2,15,1
62,1,2,16,1
62,2,1,0,1
62,2,1,1,1
62,2,1,2,1
62,2,1,3,1
62,2,1,4,1
62,2,1,5,1
62,2,1,6,1
62,2,1,7,1
62,2,1,8,1
62,2,1,9,1
62,2,1,10,1
62,2,1,11,1
62,2,1,12,1
62,2,1,13,1
62,2,1,14,1
62,2,1,15,1
62,2,1,16,1
62,2,2,0,1
62,2,2,1,1
62,2,2,2,1
62,2,2,3,1
62,2,2,4,1
62,2,2,5,1
62,2,2,6,1
62,2,2,7,1
62,2,2,8,1
62,2,2,9,1
62,2,2,10,1
62,2,2,11,1
62,2,2,12,1
62,2,2,13,1
62,2,2,14,1
62,2,2,15,1
62,2,2,16,1
63,1,1,0,1
63,1,1,1,1
63,1,1,2,1
63,1,1,3,1
63,1,1,4,1
63,1,1,5,1
63,1,1,6,1
63,1,1,7,1
63,1,1,8,1
63,1,1,9,1
63,1,1,10,1
63,1,1,11,1
63,1,1,12,1
63,1,1,13,1
63,1,1,14,1
63,1,1,15,1
63,1,1,16,1
63,1,2,0,1
63,1,2,1,1
63,1,2,2,1
63,1,2,3,1
63,1,2,4,1
63,1,2,5,1
63,1,2,6,1
63,1,2,7,1
63,1,2,8,1
63,1,2,9,1
63,1,2,10,1
63,1,2,11,1
63,1,2,12,1
63,1,2,13,1
63,1,2,14,1
63,1,2,15,1
63,1,2,16,1
63,2,1,0,1
63,2,1,1,1
63,2,1,2,1
63,2,1,3,1
63,2,1,4,1
63,2,1,5,1
63,2,1,6,1
63,2,1,7,1
63,2,1,8,1
63,2,1,9,1
63,2,1,10,1
63,2,1,11,1
63,2,1,12,1
63,2,1,13,1
63,2,1,14,1
63,2,1,15,1
63,2,1,16,1
63,2,2,0,1
63,2,2,1,1
63,2,2,2,1
63,2,2,3,1
63,2,2,4,1
63,2,2,5,1
63,2,2,6,1
63,2,2,7,1
63,2,2,8,1
63,2,2,9,1
63,2,2,10,1
63,2,2,11,1
63,2,2,12,1
63,2,2,13,1
63,2,2,14,1
63,2,2,15,1
63,2,2,16,1
64,1,1,0,1
64,1,1,1,1
64,1,1,2,1
64,1,1,3,1
64,1,1,4,1
64,1,1,5,1
64,1,1,6,1
64,1,1,7,1
64,1,1,8,1
64,1,1,9,1
64,1,1,10,1
64,1,1,11,1
64,1,1,12,1
64,1,1,13,1
64,1,1,14,1
64,1,1,15,1
64,1,1,16,1
64,1,2,0,1
64,1,2,1,1
64,1,2,2,1
64,1,2,3,1
64,1,2,4,1
64,1,2,5,1
64,1,2,6,1
64,1,2,7,1
64,1,2,8,1
64,1,2,9,1
64,1,2,10,1
64,1,2,11,1
64,1,2,12,1
64,1,2,13,1
64,1,2,14,1
64,1,2,15,1
64,1,2,16,1
64,2,1,0,1
64,2,1,1,1
64,2,1,2,1
64,2,1,3,1
64,2,1,4,1
64,2,1,5,1
64,2,1,6,1
64,2,1,7,1
64,2,1,8,1
64,2,1,9,1
64,2,1,10,1
64,2,1,11,1
64,2,1,12,1
64,2,1,13,1
64,2,1,14,1
64,2,1,15,1
64,2,1,16,1
64,2,2,0,1
64,2,2,1,1
64,2,2,2,1
64,2,2,3,1
64,2,2,4,1
64,2,2,5,1
64,2,2,6,1
64,2,2,7,1
64,2,2,8,1
64,2,2,9,1
64,2,2,10,1
64,2,2,11,1
64,2,2,12,1
64,2,2,13,1
64,2,2,14,1
64,2,2,15,1
64,2,2,16,1
65,1,1,0,1
65,1,1,1,1
65,1,1,2,1
65,1,1,3,1
65,1,1,4,1
65,1,1,5,1
65,1,1,6,1
65,1,1,7,1
65,1,1,8,1
65,1,1,9,1
65,1,1,10,1
65,1,1,11,1
65,1,1,12,1
65,1,1,13,1
65,1,1,14,1
65,1,1,15,1
65,1,1,16,1
65,1,2,0,1
65,1,2,1,1
65,1,2,2,1
65,1,2,3,1
65,1,2,4,1
65,1,2,5,1
65,1,2,6,1
65,1,2,7,1
65,1,2,8,1
65,1,2,9,1
65,1,2,10,1
65,1,2,11,1
65,1,2,12,1
65,1,2,13,1
65,1,2,14,1
65,1,2,15,1
65,1,2,16,1
65,2,1,0,1
65,2,1,1,1
65,2,1,2,1
65,2,1,3,1
65,2,1,4,1
65,2,1,5,1
65,2,1,6,1
65,2,1,7,1
65,2,1,8,1
65,2,1,9,1
65,2,1,10,1
65,2,1,11,1
65,2,1,12,1
65,2,1,13,1
65,2,1,14,1
65,2,1,15,1
65,2,1,16,1
65,2,2,0,1
65,2,2,1,1
65,2,2,2,1
65,2,2,3,1
65,2,2,4,1
65,2,2,5,1
65,2,2,6,1
65,2,2,7,1
65,2,2,8,1
65,2,2,9,1
65,2,2,10,1
65,2,2,11,1
65,2,2,12,1
65,2,2,13,1
65,2,2,14,1
65,2,2,15,1
65,2,2,16,1
66,1,1,0,1
66,1,1,1,1
66,1,1,2,1
66,1,1,3,1
66,1,1,4,1
66,1,1,5,1
66,1,1,6,1
66,1,1,7,1
66,1,1,8,1
66,1,1,9,1
66,1,1,10,1
66,1,1,11,1
66,1,1,12,1
66,1,1,13,1
66,1,1,14,1
66,1,1,15,1
66,1,1,16,1
66,1,2,0,1
66,1,2,1,1
66,1,2,2,1
66,1,2,3,1
66,1,2,4,1
66,1,2,5,1
66,1,2,6,1
66,1,2,7,1
66,1,2,8,1
66,1,2,9,1
66,1,2,10,1
66,1,2,11,1
66,1,2,12,1
66,1,2,13,1
66,1,2,14,1
66,1,2,15,1
66,1,2,16,1
66,2,1,0,1
66,2,1,1,1
66,2,1,2,1
66,2,1,3,1
66,2,1,4,1
66,2,1,5,1
66,2,1,6,1
66,2,1,7,1
66,2,1,8,1
66,2,1,9,1
66,2,1,10,1
66,2,1,11,1
66,2,1,12,1
66,2,1,13,1
66,2,1,14,1
66,2,1,15,1
66,2,1,16,1
66,2,2,0,1
66,2,2,1,1
66,2,2,2,1
66,2,2,3,1
66,2,2,4,1
66,2,2,5,1
66,2,2,6,1
66,2,2,7,1
66,2,2,8,1
66,2,2,9,1
66,2,2,10,1
66,2,2,11,1
66,2,2,12,1
66,2,2,13,1
66,2,2,14,1
66,2,2,15,1
66,2,2,16,1
67,1,1,0,1
67,1,1,1,1
67,1,1,2,1
67,1,1,3,1
67,1,1,4,1
67,1,1,5,1
67,1,1,6,1
67,1,1,7,1
67,1,1,8,1
67,1,1,9,1
67,1,1,10,1
67,1,1,11,1
67,1,1,12,1
67,1,1,13,1
67,1,1,14,1
67,1,1,15,1
67,1,1,16,1
67,1,2,0,1
67,1,2,1,1
67,1,2,2,1
67,1,2,3,1
67,1,2,4,1
67,1,2,5,1
67,1,2,6,1
67,1,2,7,1
67,1,2,8,1
67,1,2,9,1
67,1,2,10,1
67,1,2,11,1
67,1,2,12,1
67,1,2,13,1
67,1,2,14,1
67,1,2,15,1
67,1,2,16,1
67,2,1,0,1
67,2,1,1,1
67,2,1,2,1
67,2,1,3,1
67,2,1,4,1
67,2,1,5,1
67,2,1,6,1
67,2,1,7,1
67,2,1,8,1
67,2,1,9,1
67,2,1,10,1
67,2,1,11,1
67,2,1,12,1
67,2,1,13,1
67,2,1,14,1
67,2,1,15,1
67,2,1,16,1
67,2,2,0,1
67,2,2,1,1
67,2,2,2,1
67,2,2,3,1
67,2,2,4,1
67,2,2,5,1
67,2,2,6,1
67,2,2,7,1
67,2,2,8,1
67,2,2,9,1
67,2,2,10,1
67,2,2,11,1
67,2,2,12,1
67,2,2,13,1
67,2,2,14,1
67,2,2,15,1
67,2,2,16,1
68,1,1,0,1
68,1,1,1,1
68,1,1,2,1
68,1,1,3,1
68,1,1,4,1
68,1,1,5,1
68,1,1,6,1
68,1,1,7,1
68,1,1,8,1
68,1,1,9,1
68,1,1,10,1
68,1,1,11,1
68,1,1,12,1
68,1,1,13,1
68,1,1,14,1
68,1,1,15,1
68,1,1,16,1
68,1,2,0,1
68,1,2,1,1
68,1,2,2,1
68,1,2,3,1
68,1,2,4,1
68,1,2,5,1
68,1,2,6,1
68,1,2,7,1
68,1,2,8,1
68,1,2,9,1
68,1,2,10,1
68,1,2,11,1
68,1,2,12,1
68,1,2,13,1
68,1,2,14,1
68,1,2,15,1
68,1,2,16,1
68,2,1,0,1
68,2,1,1,1
68,2,1,2,1
68,2,1,3,1
68,2,1,4,1
68,2,1,5,1
68,2,1,6,1
68,2,1,7,1
68,2,1,8,1
68,2,1,9,1
68,2,1,10,1
68,2,1,11,1
68,2,1,12,1
68,2,1,13,1
68,2,1,14,1
68,2,1,15,1
68,2,1,16,1
68,2,2,0,1
68,2,2,1,1
68,2,2,2,1
68,2,2,3,1
68,2,2,4,1
68,2,2,5,1
68,2,2,6,1
68,2,2,7,1
68,2,2,8,1
68,2,2,9,1
68,2,2,10,1
68,2,2,11,1
68,2,2,12,1
68,2,2,13,1
68,2,2,14,1
68,2,2,15,1
68,2,2,16,1
69,1,1,0,1
69,1,1,1,1
69,1,1,2,1
69,1,1,3,1
69,1,1,4,1
69,1,1,5,1
69,1,1,6,1
69,1,1,7,1
69,1,1,8,1
69,1,1,9,1
69,1,1,10,1
69,1,1,11,1
69,1,1,12,1
69,1,1,13,1
69,1,1,14,1
69,1,1,15,1
69,1,1,16,1
69,1,2,0,1
69,1,2,1,1
69,1,2,2,1
69,1,2,3,1
69,1,2,4,1
69,1,2,5,1
69,1,2,6,1
69,1,2,7,1
69,1,2,8,1
69,1,2,9,1
69,1,2,10,1
69,1,2,11,1
69,1,2,12,1
69,1,2,13,1
69,1,2,14,1
69,1,2,15,1
69,1,2,16,1
69,2,1,0,1
69,2,1,1,1
69,2,1,2,1
69,2,1,3,1
69,2,1,4,1
69,2,1,5,1
69,2,1,6,1
69,2,1,7,1
69,2,1,8,1
69,2,1,9,1
69,2,1,10,1
69,2,1,11,1
69,2,1,12,1
69,2,1,13,1
69,2,1,14,1
69,2,1,15,1
69,2,1,16,1
69,2,2,0,1
69,2,2,1,1
69,2,2,2,1
69,2,2,3,1
69,2,2,4,1
69,2,2,5,1
69,2,2,6,1
69,2,2,7,1
69,2,2,8,1
69,2,2,9,1
69,2,2,10,1
69,2,2,11,1
69,2,2,12,1
69,2,2,13,1
69,2,2,14,1
69,2,2,15,1
69,2,2,16,1
70,1,1,0,1
70,1,1,1,1
70,1,1,2,1
70,1,1,3,1
70,1,1,4,1
70,1,1,5,1
70,1,1,6,1
70,1,1,7,1
70,1,1,8,1
70,1,1,9,1
70,1,1,10,1
70,1,1,11,1
70,1,1,12,1
70,1,1,13,1
70,1,1,14,1
70,1,1,15,1
70,1,1,16,1
70,1,2,0,1
70,1,2,1,1
70,1,2,2,1
70,1,2,3,1
70,1,2,4,1
70,1,2,5,1
70,1,2,6,1
70,1,2,7,1
70,1,2,8,1
70,1,2,9,1
70,1,2,10,1
70,1,2,11,1
70,1,2,12,1
70,1,2,13,1
70,1,2,14,1
70,1,2,15,1
70,1,2,16,1
70,2,1,0,1
70,2,1,1,1
70,2,1,2,1
70,2,1,3,1
70,2,1,4,1
70,2,1,5,1
70,2,1,6,1
70,2,1,7,1
70,2,1,8,1
70,2,1,9,1
70,2,1,10,1
70,2,1,11,1
70,2,1,12,1
70,2,1,13,1
70,2,1,14,1
70,2,1,15,1
70,2,1,16,1
70,2,2,0,1
70,2,2,1,1
70,2,2,2,1
70,2,2,3,1
70,2,2,4,1
70,2,2,5,1
70,2,2,6,1
70,2,2,7,1
70,2,2,8,1
70,2,2,9,1
70,2,2,10,1
70,2,2,11,1
70,2,2,12,1
70,2,2,13,1
70,2,2,14,1
70,2,2,15,1
70,2,2,16,1
71,1,1,0,1
71,1,1,1,1
71,1,1,2,1
71,1,1,3,1
71,1,1,4,1
71,1,1,5,1
71,1,1,6,1
71,1,1,7,1
71,1,1,8,1
71,1,1,9,1
71,1,1,10,1
71,1,1,11,1
71,1,1,12,1
71,1,1,13,1
71,1,1,14,1
71,1,1,15,1
71,1,1,16,1
71,1,2,0,1
71,1,2,1,1
71,1,2,2,1
71,1,2,3,1
71,1,2,4,1
71,1,2,5,1
71,1,2,6,1
71,1,2,7,1
71,1,2,8,1
71,1,2,9,1
71,1,2,10,1
71,1,2,11,1
71,1,2,12,1
71,1,2,13,1
71,1,2,14,1
71,1,2,15,1
71,1,2,16,1
71,2,1,0,1
71,2,1,1,1
71,2,1,2,1
71,2,1,3,1
71,2,1,4,1
71,2,1,5,1
71,2,1,6,1
71,2,1,7,1
71,2,1,8,1
71,2,1,9,1
71,2,1,10,1
71,2,1,11,1
71,2,1,12,1
71,2,1,13,1
71,2,1,14,1
71,2,1,15,1
71,2,1,16,1
71,2,2,0,1
71,2,2,1,1
71,2,2,2,1
71,2,2,3,1
71,2,2,4,1
71,2,2,5,1
71,2,2,6,1
71,2,2,7,1
71,2,2,8,1
71,2,2,9,1
71,2,2,10,1
71,2,2,11,1
71,2,2,12,1
71,2,2,13,1
71,2,2,14,1
71,2,2,15,1
71,2,2,16,1
72,1,1,0,1
72,1,1,1,1
72,1,1,2,1
72,1,1,3,1
72,1,1,4,1
72,1,1,5,1
72,1,1,6,1
72,1,1,7,1
72,1,1,8,1
72,1,1,9,1
72,1,1,10,1
72,1,1,11,1
72,1,1,12,1
72,1,1,13,1
72,1,1,14,1
72,1,1,15,1
72,1,1,16,1
72,1,2,0,1
72,1,2,1,1
72,1,2,2,1
72,1,2,3,1
72,1,2,4,1
72,1,2,5,1
72,1,2,6,1
72,1,2,7,1
72,1,2,8,1
72,1,2,9,1
72,1,2,10,1
72,1,2,11,1
72,1,2,12,1
72,1,2,13,1
72,1,2,14,1
72,1,2,15,1
72,1,2,16,1
72,2,1,0,1
72,2,1,1,1
72,2,1,2,1
72,2,1,3,1
72,2,1,4,1
72,2,1,5,1
72,2,1,6,1
72,2,1,7,1
72,2,1,8,1
72,2,1,9,1
72,2,1,10,1
72,2,1,11,1
72,2,1,12,1
72,2,1,13,1
72,2,1,14,1
72,2,1,15,1
72,2,1,16,1
72,2,2,0,1
72,2,2,1,1
72,2,2,2,1
72,2,2,3,1
72,2,2,4,1
72,2,2,5,1
72,2,2,6,1
72,2,2,7,1
72,2,2,8,1
72,2,2,9,1
72,2,2,10,1
72,2,2,11,1
72,2,2,12,1
72,2,2,13,1
72,2,2,14,1
72,2,2,15,1
72,2,2,16,1
73,1,1,0,1
73,1,1,1,1
73,1,1,2,1
73,1,1,3,1
73,1,1,4,1
73,1,1,5,1
73,1,1,6,1
73,1,1,7,1
73,1,1,8,1
73,1,1,9,1
73,1,1,10,1
73,1,1,11,1
73,1,1,12,1
73,1,1,13,1
73,1,1,14,1
73,1,1,15,1
73,1,1,16,1
73,1,2,0,1
73,1,2,1,1
73,1,2,2,1
73,1,2,3,1
73,1,2,4,1
73,1,2,5,1
73,1,2,6,1
73,1,2,7,1
73,1,2,8,1
73,1,2,9,1
73,1,2,10,1
73,1,2,11,1
73,1,2,12,1
73,1,2,13,1
73,1,2,14,1
73,1,2,15,1
73,1,2,16,1
73,2,1,0,1
73,2,1,1,1
73,2,1,2,1
73,2,1,3,1
73,2,1,4,1
73,2,1,5,1
73,2,1,6,1
73,2,1,7,1
73,2,1,8,1
73,2,1,9,1
73,2,1,10,1
73,2,1,11,1
73,2,1,12,1
73,2,1,13,1
73,2,1,14,1
73,2,1,15,1
73,2,1,16,1
73,2,2,0,1
73,2,2,1,1
73,2,2,2,1
73,2,2,3,1
73,2,2,4,1
73,2,2,5,1
73,2,2,6,1
73,2,2,7,1
73,2,2,8,1
73,2,2,9,1
73,2,2,10,1
73,2,2,11,1
73,2,2,12,1
73,2,2,13,1
73,2,2,14,1
73,2,2,15,1
73,2,2,16,1
74,1,1,0,1
74,1,1,1,1
74,1,1,2,1
74,1,1,3,1
74,1,1,4,1
74,1,1,5,1
74,1,1,6,1
74,1,1,7,1
74,1,1,8,1
74,1,1,9,1
74,1,1,10,1
74,1,1,11,1
74,1,1,12,1
74,1,1,13,1
74,1,1,14,1
74,1,1,15,1
74,1,1,16,1
74,1,2,0,1
74,1,2,1,1
74,1,2,2,1
74,1,2,3,1
74,1,2,4,1
74,1,2,5,1
74,1,2,6,1
74,1,2,7,1
74,1,2,8,1
74,1,2,9,1
74,1,2,10,1
74,1,2,11,1
74,1,2,12,1
74,1,2,13,1
74,1,2,14,1
74,1,2,15,1
74,1,2,16,1
74,2,1,0,1
74,2,1,1,1
74,2,1,2,1
74,2,1,3,1
74,2,1,4,1
74,2,1,5,1
74,2,1,6,1
74,2,1,7,1
74,2,1,8,1
74,2,1,9,1
74,2,1,10,1
74,2,1,11,1
74,2,1,12,1
74,2,1,13,1
74,2,1,14,1
74,2,1,15,1
74,2,1,16,1
74,2,2,0,1
74,2,2,1,1
74,2,2,2,1
74,2,2,3,1
74,2,2,4,1
74,2,2,5,1
74,2,2,6,1
74,2,2,7,1
74,2,2,8,1
74,2,2,9,1
74,2,2,10,1
74,2,2,11,1
74,2,2,12,1
74,2,2,13,1
74,2,2,14,1
74,2,2,15,1
74,2,2,16,1
75,1,1,0,1
75,1,1,1,1
75,1,1,2,1
75,1,1,3,1
75,1,1,4,1
75,1,1,5,1
75,1,1,6,1
75,1,1,7,1
75,1,1,8,1
75,1,1,9,1
75,1,1,10,1
75,1,1,11,1
75,1,1,12,1
75,1,1,13,1
75,1,1,14,1
75,1,1,15,1
75,1,1,16,1
75,1,2,0,1
75,1,2,1,1
75,1,2,2,1
75,1,2,3,1
75,1,2,4,1
75,1,2,5,1
75,1,2,6,1
75,1,2,7,1
75,1,2,8,1
75,1,2,9,1
75,1,2,10,1
75,1,2,11,1
75,1,2,12,1
75,1,2,13,1
75,1,2,14,1
75,1,2,15,1
75,1,2,16,1
75,2,1,0,1
75,2,1,1,1
75,2,1,2,1
75,2,1,3,1
75,2,1,4,1
75,2,1,5,1
75,2,1,6,1
75,2,1,7,1
75,2,1,8,1
75,2,1,9,1
75,2,1,10,1
75,2,1,11,1
75,2,1,12,1
75,2,1,13,1
75,2,1,14,1
75,2,1,15,1
75,2,1,16,1
75,2,2,0,1
75,2,2,1,1
75,2,2,2,1
75,2,2,3,1
75,2,2,4,1
75,2,2,5,1
75,2,2,6,1
75,2,2,7,1
75,2,2,8,1
75,2,2,9,1
75,2,2,10,1
75,2,2,11,1
75,2,2,12,1
75,2,2,13,1
75,2,2,14,1
75,2,2,15,1
75,2,2,16,1
76,1,1,0,1
76,1,1,1,1
76,1,1,2,1
76,1,1,3,1
76,1,1,4,1
76,1,1,5,1
76,1,1,6,1
76,1,1,7,1
76,1,1,8,1
76,1,1,9,1
76,1,1,10,1
76,1,1,11,1
76,1,1,12,1
76,1,1,13,1
76,1,1,14,1
76,1,1,15,1
76,1,1,16,1
76,1,2,0,1
76,1,2,1,1
76,1,2,2,1
76,1,2,3,1
76,1,2,4,1
76,1,2,5,1
76,1,2,6,1
76,1,2,7,1
76,1,2,8,1
76,1,2,9,1
76,1,2,10,1
76,1,2,11,1
76,1,2,12,1
76,1,2,13,1
76,1,2,14,1
76,1,2,15,1
76,1,2,16,1
76,2,1,0,1
76,2,1,1,1
76,2,1,2,1
76,2,1,3,1
76,2,1,4,1
76,2,1,5,1
76,2,1,6,1
76,2,1,7,1
76,2,1,8,1
76,2,1,9,1
76,2,1,10,1
76,2,1,11,1
76,2,1,12,1
76,2,1,13,1
76,2,1,14,1
76,2,1,15,1
76,2,1,16,1
76,2,2,0,1
76,2,2,1,1
76,2,2,2,1
76,2,2,3,1
76,2,2,4,1
76,2,2,5,1
76,2,2,6,1
76,2,2,7,1
76,2,2,8,1
76,2,2,9,1
76,2,2,10,1
76,2,2,11,1
76,2,2,12,1
76,2,2,13,1
76,2,2,14,1
76,2,2,15,1
76,2,2,16,1
77,1,1,0,1
77,1,1,1,1
77,1,1,2,1
77,1,1,3,1
77,1,1,4,1
77,1,1,5,1
77,1,1,6,1
77,1,1,7,1
77,1,1,8,1
77,1,1,9,1
77,1,1,10,1
77,1,1,11,1
77,1,1,12,1
77,1,1,13,1
77,1,1,14,1
77,1,1,15,1
77,1,1,16,1
77,1,2,0,1
77,1,2,1,1
77,1,2,2,1
77,1,2,3,1
77,1,2,4,1
77,1,2,5,1
77,1,2,6,1
77,1,2,7,1
77,1,2,8,1
77,1,2,9,1
77,1,2,10,1
77,1,2,11,1
77,1,2,12,1
77,1,2,13,1
77,1,2,14,1
77,1,2,15,1
77,1,2,16,1
77,2,1,0,1
77,2,1,1,1
77,2,1,2,1
77,2,1,3,1
77,2,1,4,1
77,2,1,5,1
77,2,1,6,1
77,2,1,7,1
77,2,1,8,1
77,2,1,9,1
77,2,1,10,1
77,2,1,11,1
77,2,1,12,1
77,2,1,13,1
77,2,1,14,1
77,2,1,15,1
77,2,1,16,1
77,2,2,0,1
77,2,2,1,1
77,2,2,2,1
77,2,2,3,1
77,2,2,4,1
77,2,2,5,1
77,2,2,6,1
77,2,2,7,1
77,2,2,8,1
77,2,2,9,1
77,2,2,10,1
77,2,2,11,1
77,2,2,12,1
77,2,2,13,1
77,2,2,14,1
77,2,2,15,1
77,2,2,16,1
78,1,1,0,1
78,1,1,1,1
78,1,1,2,1
78,1,1,3,1
78,1,1,4,1
78,1,1,5,1
78,1,1,6,1
78,1,1,7,1
78,1,1,8,1
78,1,1,9,1
78,1,1,10,1
78,1,1,11,1
78,1,1,12,1
78,1,1,13,1
78,1,1,14,1
78,1,1,15,1
78,1,1,16,1
78,1,2,0,1
78,1,2,1,1
78,1,2,2,1
78,1,2,3,1
78,1,2,4,1
78,1,2,5,1
78,1,2,6,1
78,1,2,7,1
78,1,2,8,1
78,1,2,9,1
78,1,2,10,1
78,1,2,11,1
78,1,2,12,1
78,1,2,13,1
78,1,2,14,1
78,1,2,15,1
78,1,2,16,1
78,2,1,0,1
78,2,1,1,1
78,2,1,2,1
78,2,1,3,1
78,2,1,4,1
78,2,1,5,1
78,2,1,6,1
78,2,1,7,1
78,2,1,8,1
78,2,1,9,1
78,2,1,10,1
78,2,1,11,1
78,2,1,12,1
78,2,1,13,1
78,2,1,14,1
78,2,1,15,1
78,2,1,16,1
78,2,2,0,1
78,2,2,1,1
78,2,2,2,1
78,2,2,3,1
78,2,2,4,1
78,2,2,5,1
78,2,2,6,1
78,2,2,7,1
78,2,2,8,1
78,2,2,9,1
78,2,2,10,1
78,2,2,11,1
78,2,2,12,1
78,2,2,13,1
78,2,2,14,1
78,2,2,15,1
78,2,2,16,1
79,1,1,0,1
79,1,1,1,1
79,1,1,2,1
79,1,1,3,1
79,1,1,4,1
79,1,1,5,1
79,1,1,6,1
79,1,1,7,1
79,1,1,8,1
79,1,1,9,1
79,1,1,10,1
79,1,1,11,1
79,1,1,12,1
79,1,1,13,1
79,1,1,14,1
79,1,1,15,1
79,1,1,16,1
79,1,2,0,1
79,1,2,1,1
79,1,2,2,1
79,1,2,3,1
79,1,2,4,1
79,1,2,5,1
79,1,2,6,1
79,1,2,7,1
79,1,2,8,1
79,1,2,9,1
79,1,2,10,1
79,1,2,11,1
79,1,2,12,1
79,1,2,13,1
79,1,2,14,1
79,1,2,15,1
79,1,2,16,1
79,2,1,0,1
79,2,1,1,1
79,2,1,2,1
79,2,1,3,1
79,2,1,4,1
79,2,1,5,1
79,2,1,6,1
79,2,1,7,1
79,2,1,8,1
79,2,1,9,1
79,2,1,10,1
79,2,1,11,1
79,2,1,12,1
79,2,1,13,1
79,2,1,14,1
79,2,1,15,1
79,2,1,16,1
79,2,2,0,1
79,2,2,1,1
79,2,2,2,1
79,2,2,3,1
79,2,2,4,1
79,2,2,5,1
79,2,2,6,1
79,2,2,7,1
79,2,2,8,1
79,2,2,9,1
79,2,2,10,1
79,2,2,11,1
79,2,2,12,1
79,2,2,13,1
79,2,2,14,1
79,2,2,15,1
79,2,2,16,1
80,1,1,0,1
80,1,1,1,1
80,1,1,2,1
80,1,1,3,1
80,1,1,4,1
80,1,1,5,1
80,1,1,6,1
80,1,1,7,1
80,1,1,8,1
80,1,1,9,1
80,1,1,10,1
80,1,1,11,1
80,1,1,12,1
80,1,1,13,1
80,1,1,14,1
80,1,1,15,1
80,1,1,16,1
80,1,2,0,1
80,1,2,1,1
80,1,2,2,1
80,1,2,3,1
80,1,2,4,1
80,1,2,5,1
80,1,2,6,1
80,1,2,7,1
80,1,2,8,1
80,1,2,9,1
80,1,2,10,1
80,1,2,11,1
80,1,2,12,1
80,1,2,13,1
80,1,2,14,1
80,1,2,15,1
80,1,2,16,1
80,2,1,0,1
80,2,1,1,1
80,2,1,2,1
80,2,1,3,1
80,2,1,4,1
80,2,1,5,1
80,2,1,6,1
80,2,1,7,1
80,2,1,8,1
80,2,1,9,1
80,2,1,10,1
80,2,1,11,1
80,2,1,12,1
80,2,1,13,1
80,2,1,14,1
80,2,1,15,1
80,2,1,16,1
80,2,2,0,1
80,2,2,1,1
80,2,2,2,1
80,2,2,3,1
80,2,2,4,1
80,2,2,5,1
80,2,2,6,1
80,2,2,7,1
80,2,2,8,1
80,2,2,9,1
80,2,2,10,1
80,2,2,11,1
80,2,2,12,1
80,2,2,13,1
80,2,2,14,1
80,2,2,15,1
80,2,2,16,1
81,1,1,0,1
81,1,1,1,1
81,1,1,2,1
81,1,1,3,1
81,1,1,4,1
81,1,1,5,1
81,1,1,6,1
81,1,1,7,1
81,1,1,8,1
81,1,1,9,1
81,1,1,10,1
81,1,1,11,1
81,1,1,12,1
81,1,1,13,1
81,1,1,14,1
81,1,1,15,1
81,1,1,16,1
81,1,2,0,1
81,1,2,1,1
81,1,2,2,1
81,1,2,3,1
81,1,2,4,1
81,1,2,5,1
81,1,2,6,1
81,1,2,7,1
81,1,2,8,1
81,1,2,9,1
81,1,2,10,1
81,1,2,11,1
81,1,2,12,1
81,1,2,13,1
81,1,2,14,1
81,1,2,15,1
81,1,2,16,1
81,2,1,0,1
81,2,1,1,1
81,2,1,2,1
81,2,1,3,1
81,2,1,4,1
81,2,1,5,1
81,2,1,6,1
81,2,1,7,1
81,2,1,8,1
81,2,1,9,1
81,2,1,10,1
81,2,1,11,1
81,2,1,12,1
81,2,1,13,1
81,2,1,14,1
81,2,1,15,1
81,2,1,16,1
81,2,2,0,1
81,2,2,1,1
81,2,2,2,1
81,2,2,3,1
81,2,2,4,1
81,2,2,5,1
81,2,2,6,1
81,2,2,7,1
81,2,2,8,1
81,2,2,9,1
81,2,2,10,1
81,2,2,11,1
81,2,2,12,1
81,2,2,13,1
81,2,2,14,1
81,2,2,15,1
81,2,2,16,1
82,1,1,0,1
82,1,1,1,1
82,1,1,2,1
82,1,1,3,1
82,1,1,4,1
82,1,1,5,1
82,1,1,6,1
82,1,1,7,1
82,1,1,8,1
82,1,1,9,1
82,1,1,10,1
82,1,1,11,1
82,1,1,12,1
82,1,1,13,1
82,1,1,14,1
82,1,1,15,1
82,1,1,16,1
82,1,2,0,1
82,1,2,1,1
82,1,2,2,1
82,1,2,3,1
82,1,2,4,1
82,1,2,5,1
82,1,2,6,1
82,1,2,7,1
82,1,2,8,1
82,1,2,9,1
82,1,2,10,1
82,1,2,11,1
82,1,2,12,1
82,1,2,13,1
82,1,2,14,1
82,1,2,15,1
82,1,2,16,1
82,2,1,0,1
82,2,1,1,1
82,2,1,2,1
82,2,1,3,1
82,2,1,4,1
82,2,1,5,1
82,2,1,6,1
82,2,1,7,1
82,2,1,8,1
82,2,1,9,1
82,2,1,10,1
82,2,1,11,1
82,2,1,12,1
82,2,1,13,1
82,2,1,14,1
82,2,1,15,1
82,2,1,16,1
82,2,2,0,1
82,2,2,1,1
82,2,2,2,1
82,2,2,3,1
82,2,2,4,1
82,2,2,5,1
82,2,2,6,1
82,2,2,7,1
82,2,2,8,1
82,2,2,9,1
82,2,2,10,1
82,2,2,11,1
82,2,2,12,1
82,2,2,13,1
82,2,2,14,1
82,2,2,15,1
82,2,2,16,1
83,1,1,0,1
83,1,1,1,1
83,1,1,2,1
83,1,1,3,1
83,1,1,4,1
83,1,1,5,1
83,1,1,6,1
83,1,1,7,1
83,1,1,8,1
83,1,1,9,1
83,1,1,10,1
83,1,1,11,1
83,1,1,12,1
83,1,1,13,1
83,1,1,14,1
83,1,1,15,1
83,1,1,16,1
83,1,2,0,1
83,1,2,1,1
83,1,2,2,1
83,1,2,3,1
83,1,2,4,1
83,1,2,5,1
83,1,2,6,1
83,1,2,7,1
83,1,2,8,1
83,1,2,9,1
83,1,2,10,1
83,1,2,11,1
83,1,2,12,1
83,1,2,13,1
83,1,2,14,1
83,1,2,15,1
83,1,2,16,1
83,2,1,0,1
83,2,1,1,1
83,2,1,2,1
83,2,1,3,1
83,2,1,4,1
83,2,1,5,1
83,2,1,6,1
83,2,1,7,1
83,2,1,8,1
83,2,1,9,1
83,2,1,10,1
83,2,1,11,1
83,2,1,12,1
83,2,1,13,1
83,2,1,14,1
83,2,1,15,1
83,2,1,16,1
83,2,2,0,1
83,2,2,1,1
83,2,2,2,1
83,2,2,3,1
83,2,2,4,1
83,2,2,5,1
83,2,2,6,1
83,2,2,7,1
83,2,2,8,1
83,2,2,9,1
83,2,2,10,1
83,2,2,11,1
83,2,2,12,1
83,2,2,13,1
83,2,2,14,1
83,2,2,15,1
83,2,2,16,1
84,1,1,0,1
84,1,1,1,1
84,1,1,2,1
84,1,1,3,1
84,1,1,4,1
84,1,1,5,1
84,1,1,6,1
84,1,1,7,1
84,1,1,8,1
84,1,1,9,1
84,1,1,10,1
84,1,1,11,1
84,1,1,12,1
84,1,1,13,1
84,1,1,14,1
84,1,1,15,1
84,1,1,16,1
84,1,2,0,1
84,1,2,1,1
84,1,2,2,1
84,1,2,3,1
84,1,2,4,1
84,1,2,5,1
84,1,2,6,1
84,1,2,7,1
84,1,2,8,1
84,1,2,9,1
84,1,2,10,1
84,1,2,11,1
84,1,2,12,1
84,1,2,13,1
84,1,2,14,1
84,1,2,15,1
84,1,2,16,1
84,2,1,0,1
84,2,1,1,1
84,2,1,2,1
84,2,1,3,1
84,2,1,4,1
84,2,1,5,1
84,2,1,6,1
84,2,1,7,1
84,2,1,8,1
84,2,1,9,1
84,2,1,10,1
84,2,1,11,1
84,2,1,12,1
84,2,1,13,1
84,2,1,14,1
84,2,1,15,1
84,2,1,16,1
84,2,2,0,1
84,2,2,1,1
84,2,2,2,1
84,2,2,3,1
84,2,2,4,1
84,2,2,5,1
84,2,2,6,1
84,2,2,7,1
84,2,2,8,1
84,2,2,9,1
84,2,2,10,1
84,2,2,11,1
84,2,2,12,1
84,2,2,13,1
84,2,2,14,1
84,2,2,15,1
84,2,2,16,1
85,1,1,0,1
85,1,1,1,1
85,1,1,2,1
85,1,1,3,1
85,1,1,4,1
85,1,1,5,1
85,1,1,6,1
85,1,1,7,1
85,1,1,8,1
85,1,1,9,1
85,1,1,10,1
85,1,1,11,1
85,1,1,12,1
85,1,1,13,1
85,1,1,14,1
85,1,1,15,1
85,1,1,16,1
85,1,2,0,1
85,1,2,1,1
85,1,2,2,1
85,1,2,3,1
85,1,2,4,1
85,1,2,5,1
85,1,2,6,1
85,1,2,7,1
85,1,2,8,1
85,1,2,9,1
85,1,2,10,1
85,1,2,11,1
85,1,2,12,1
85,1,2,13,1
85,1,2,14,1
85,1,2,15,1
85,1,2,16,1
85,2,1,0,1
85,2,1,1,1
85,2,1,2,1
85,2,1,3,1
85,2,1,4,1
85,2,1,5,1
85,2,1,6,1
85,2,1,7,1
85,2,1,8,1
85,2,1,9,1
85,2,1,10,1
85,2,1,11,1
85,2,1,12,1
85,2,1,13,1
85,2,1,14,1
85,2,1,15,1
85,2,1,16,1
85,2,2,0,1
85,2,2,1,1
85,2,2,2,1
85,2,2,3,1
85,2,2,4,1
85,2,2,5,1
85,2,2,6,1
85,2,2,7,1
85,2,2,8,1
85,2,2,9,1
85,2,2,10,1
85,2,2,11,1
85,2,2,12,1
85,2,2,13,1
85,2,2,14,1
85,2,2,15,1
85,2,2,16,1
86,1,1,0,1
86,1,1,1,1
86,1,1,2,1
86,1,1,3,1
86,1,1,4,1
86,1,1,5,1
86,1,1,6,1
86,1,1,7,1
86,1,1,8,1
86,1,1,9,1
86,1,1,10,1
86,1,1,11,1
86,1,1,12,1
86,1,1,13,1
86,1,1,14,1
86,1,1,15,1
86,1,1,16,1
86,1,2,0,1
86,1,2,1,1
86,1,2,2,1
86,1,2,3,1
86,1,2,4,1
86,1,2,5,1
86,1,2,6,1
86,1,2,7,1
86,1,2,8,1
86,1,2,9,1
86,1,2,10,1
86,1,2,11,1
86,1,2,12,1
86,1,2,13,1
86,1,2,14,1
86,1,2,15,1
86,1,2,16,1
86,2,1,0,1
86,2,1,1,1
86,2,1,2,1
86,2,1,3,1
86,2,1,4,1
86,2,1,5,1
86,2,1,6,1
86,2,1,7,1
86,2,1,8,1
86,2,1,9,1
86,2,1,10,1
86,2,1,11,1
86,2,1,12,1
86,2,1,13,1
86,2,1,14,1
86,2,1,15,1
86,2,1,16,1
86,2,2,0,1
86,2,2,1,1
86,2,2,2,1
86,2,2,3,1
86,2,2,4,1
86,2,2,5,1
86,2,2,6,1
86,2,2,7,1
86,2,2,8,1
86,2,2,9,1
86,2,2,10,1
86,2,2,11,1
86,2,2,12,1
86,2,2,13,1
86,2,2,14,1
86,2,2,15,1
86,2,2,16,1
87,1,1,0,1
87,1,1,1,1
87,1,1,2,1
87,1,1,3,1
87,1,1,4,1
87,1,1,5,1
87,1,1,6,1
87,1,1,7,1
87,1,1,8,1
87,1,1,9,1
87,1,1,10,1
87,1,1,11,1
87,1,1,12,1
87,1,1,13,1
87,1,1,14,1
87,1,1,15,1
87,1,1,16,1
87,1,2,0,1
87,1,2,1,1
87,1,2,2,1
87,1,2,3,1
87,1,2,4,1
87,1,2,5,1
87,1,2,6,1
87,1,2,7,1
87,1,2,8,1
87,1,2,9,1
87,1,2,10,1
87,1,2,11,1
87,1,2,12,1
87,1,2,13,1
87,1,2,14,1
87,1,2,15,1
87,1,2,16,1
87,2,1,0,1
87,2,1,1,1
87,2,1,2,1
87,2,1,3,1
87,2,1,4,1
87,2,1,5,1
87,2,1,6,1
87,2,1,7,1
87,2,1,8,1
87,2,1,9,1
87,2,1,10,1
87,2,1,11,1
87,2,1,12,1
87,2,1,13,1
87,2,1,14,1
87,2,1,15,1
87,2,1,16,1
87,2,2,0,1
87,2,2,1,1
87,2,2,2,1
87,2,2,3,1
87,2,2,4,1
87,2,2,5,1
87,2,2,6,1
87,2,2,7,1
87,2,2,8,1
87,2,2,9,1
87,2,2,10,1
87,2,2,11,1
87,2,2,12,1
87,2,2,13,1
87,2,2,14,1
87,2,2,15,1
87,2,2,16,1
88,1,1,0,1
88,1,1,1,1
88,1,1,2,1
88,1,1,3,1
88,1,1,4,1
88,1,1,5,1
88,1,1,6,1
88,1,1,7,1
88,1,1,8,1
88,1,1,9,1
88,1,1,10,1
88,1,1,11,1
88,1,1,12,1
88,1,1,13,1
88,1,1,14,1
88,1,1,15,1
88,1,1,16,1
88,1,2,0,1
88,1,2,1,1
88,1,2,2,1
88,1,2,3,1
88,1,2,4,1
88,1,2,5,1
88,1,2,6,1
88,1,2,7,1
88,1,2,8,1
88,1,2,9,1
88,1,2,10,1
88,1,2,11,1
88,1,2,12,1
88,1,2,13,1
88,1,2,14,1
88,1,2,15,1
88,1,2,16,1
88,2,1,0,1
88,2,1,1,1
88,2,1,2,1
88,2,1,3,1
88,2,1,4,1
88,2,1,5,1
88,2,1,6,1
88,2,1,7,1
88,2,1,8,1
88,2,1,9,1
88,2,1,10,1
88,2,1,11,1
88,2,1,12,1
88,2,1,13,1
88,2,1,14,1
88,2,1,15,1
88,2,1,16,1
88,2,2,0,1
88,2,2,1,1
88,2,2,2,1
88,2,2,3,1
88,2,2,4,1
88,2,2,5,1
88,2,2,6,1
88,2,2,7,1
88,2,2,8,1
88,2,2,9,1
88,2,2,10,1
88,2,2,11,1
88,2,2,12,1
88,2,2,13,1
88,2,2,14,1
88,2,2,15,1
88,2,2,16,1