i,t,n,b,D
1,1,1,1,255.4
1,1,1,2,274.3
1,1,1,3,115
1,1,1,4,221.4
1,1,2,1,272.1
1,1,2,2,238.5
1,1,2,3,293.5
1,1,2,4,147.6
1,2,1,1,208.9
1,2,1,2,297.4
1,2,1,3,261.3
1,2,1,4,133.4
1,2,2,1,191.1
1,2,2,2,136
1,2,2,3,237.8
1,2,2,4,197.1
2,1,1,1,0
2,1,1,2,0
2,1,1,3,0
2,1,1,4,0
2,1,2,1,0
2,1,2,2,0
2,1,2,3,0
2,1,2,4,0
2,2,1,1,0
2,2,1,2,0
2,2,1,3,0
2,2,1,4,0
2,2,2,1,0
2,2,2,2,0
2,2,2,3,0
2,2,2,4,0
3,1,1,1,0
3,1,1,2,0
3,1,1,3,0
3,1,1,4,0
3,1,2,1,0
3,1,2,2,0
3,1,2,3,0
3,1,2,4,0
3,2,1,1,0
3,2,1,2,0
3,2,1,3,0
3,2,1,4,0
3,2,2,1,0
3,2,2,2,0
3,2,2,3,0
3,2,2,4,0
4,1,1,1,0
4,1,1,2,0
4,1,1,3,0
4,1,1,4,0
4,1,2,1,0
4,1,2,2,0
4,1,2,3,0
4,1,2,4,0
4,2,1,1,0
4,2,1,2,0
4,2,1,3,0
4,2,1,4,0
4,2,2,1,0
4,2,2,2,0
4,2,2,3,0
4,2,2,4,0
5,1,1,1,131.8
5,1,1,2,181.9
5,1,1,3,213.4
5,1,1,4,159.3
5,1,2,1,149.7
5,1,2,2,271.5
5,1,2,3,176.4
5,1,2,4,218.1
5,2,1,1,273.2
5,2,1,2,147.2
5,2,1,3,187.3
5,2,1,4,199.7
5,2,2,1,288.8
5,2,2,2,211.9
5,2,2,3,149
5,2,2,4,232.6
6,1,1,1,0
6,1,1,2,0
6,1,1,3,0
6,1,1,4,0
6,1,2,1,0
6,1,2,2,0
6,1,2,3,0
6,1,2,4,0
6,2,1,1,0
6,2,1,2,0
6,2,1,3,0
6,2,1,4,0
6,2,2,1,0
6,2,2,2,0
6,2,2,3,0
6,2,2,4,0
7,1,1,1,0
7,1,1,2,0
7,1,1,3,0
7,1,1,4,0
7,1,2,1,0
7,1,2,2,0
7,1,2,3,0
7,1,2,4,0
7,2,1,1,0
7,2,1,2,0
7,2,1,3,0
7,2,1,4,0
7,2,2,1,0
7,2,2,2,0
7,2,2,3,0
7,2,2,4,0
8,1,1,1,0
8,1,1,2,0
8,1,1,3,0
8,1,1,4,0
8,1,2,1,0
8,1,2,2,0
8,1,2,3,0
8,1,2,4,0
8,2,1,1,0
8,2,1,2,0
8,2,1,3,0
8,2,1,4,0
8,2,2,1,0
8,2,2,2,0
8,2,2,3,0
8,2,2,4,0
9,1,1,1,157.5
9,1,1,2,145
9,1,1,3,290.6
9,1,1,4,156.6
9,1,2,1,245.4
9,1,2,2,211.3
9,1,2,3,206.1
9,1,2,4,231.2
9,2,1,1,277.9
9,2,1,2,199.9
9,2,1,3,200.6
9,2,1,4,228.6
9,2,2,1,246.9
9,2,2,2,111.7
9,2,2,3,154.4
9,2,2,4,236.1
10,1,1,1,0
10,1,1,2,0
10,1,1,3,0
10,1,1,4,0
10,1,2,1,0
10,1,2,2,0
10,1,2,3,0
10,1,2,4,0
10,2,1,1,0
10,2,1,2,0
10,2,1,3,0
10,2,1,4,0
10,2,2,1,0
10,2,2,2,0
10,2,2,3,0
10,2,2,4,0
11,1,1,1,0
11,1,1,2,0
11,1,1,3,0
11,1,1,4,0
11,1,2,1,0
11,1,2,2,0
11,1,2,3,0
11,1,2,4,0
11,2,1,1,0
11,2,1,2,0
11,2,1,3,0
11,2,1,4,0
11,2,2,1,0
11,2,2,2,0
11,2,2,3,0
11,2,2,4,0
12,1,1,1,0
12,1,1,2,0
12,1,1,3,0
12,1,1,4,0
12,1,2,1,0
12,1,2,2,0
12,1,2,3,0
12,1,2,4,0
12,2,1,1,0
12,2,1,2,0
12,2,1,3,0
12,2,1,4,0
12,2,2,1,0
12,2,2,2,0
12,2,2,3,0
12,2,2,4,0
13,1,1,1,237.4
13,1,1,2,254.3
13,1,1,3,289.8
13,1,1,4,240.8
13,1,2,1,277.2
13,1,2,2,179.2
13,1,2,3,299.3
13,1,2,4,270.2
13,2,1,1,272.9
13,2,1,2,256.1
13,2,1,3,221.6
13,2,1,4,135.1
13,2,2,1,170.2
13,2,2,2,193.5
13,2,2,3,261.2
13,2,2,4,206
14,1,1,1,0
14,1,1,2,0
14,1,1,3,0
14,1,1,4,0
14,1,2,1,0
14,1,2,2,0
14,1,2,3,0
14,1,2,4,0
14,2,1,1,0
14,2,1,2,0
14,2,1,3,0
14,2,1,4,0
14,2,2,1,0
14,2,2,2,0
14,2,2,3,0
14,2,2,4,0
15,1,1,1,0
15,1,1,2,0
15,1,1,3,0
15,1,1,4,0
15,1,2,1,0
15,1,2,2,0
15,1,2,3,0
15,1,2,4,0
15,2,1,1,0
15,2,1,2,0
15,2,1,3,0
15,2,1,4,0
15,2,2,1,0
15,2,2,2,0
15,2,2,3,0
15,2,2,4,0
16,1,1,1,0
16,1,1,2,0
16,1,1,3,0
16,1,1,4,0
16,1,2,1,0
16,1,2,2,0
16,1,2,3,0
16,1,2,4,0
16,2,1,1,0
16,2,1,2,0
16,2,1,3,0
16,2,1,4,0
16,2,2,1,0
16,2,2,2,0
16,2,2,3,0
16,2,2,4,0
17,1,1,1,255.4
17,1,1,2,274.3
17,1,1,3,115
17,1,1,4,221.4
17,1,2,1,272.1
17,1,2,2,238.5
17,1,2,3,293.5
17,1,2,4,147.6
17,2,1,1,208.9
17,2,1,2,297.4
17,2,1,3,261.3
17,2,1,4,133.4
17,2,2,1,191.1
17,2,2,2,136
17,2,2,3,237.8
17,2,2,4,197.1
18,1,1,1,0
18,1,1,2,0
18,1,1,3,0
18,1,1,4,0
18,1,2,1,0
18,1,2,2,0
18,1,2,3,0
18,1,2,4,0
18,2,1,1,0
18,2,1,2,0
18,2,1,3,0
18,2,1,4,0
18,2,2,1,0
18,2,2,2,0
18,2,2,3,0
18,2,2,4,0
19,1,1,1,0
19,1,1,2,0
19,1,1,3,0
19,1,1,4,0
19,1,2,1,0
19,1,2,2,0
19,1,2,3,0
19,1,2,4,0
19,2,1,1,0
19,2,1,2,0
19,2,1,3,0
19,2,1,4,0
19,2,2,1,0
19,2,2,2,0
19,2,2,3,0
19,2,2,4,0
20,1,1,1,0
20,1,1,2,0
20,1,1,3,0
20,1,1,4,0
20,1,2,1,0
20,1,2,2,0
20,1,2,3,0
20,1,2,4,0
20,2,1,1,0
20,2,1,2,0
20,2,1,3,0
20,2,1,4,0
20,2,2,1,0
20,2,2,2,0
20,2,2,3,0
20,2,2,4,0
21,1,1,1,157.5
21,1,1,2,145
21,1,1,3,290.6
21,1,1,4,156.6
21,1,2,1,245.4
21,1,2,2,211.3
21,1,2,3,206.1
21,1,2,4,231.2
21,2,1,1,277.9
21,2,1,2,199.9
21,2,1,3,200.6
21,2,1,4,228.6
21,2,2,1,246.9
21,2,2,2,111.7
21,2,2,3,154.4
21,2,2,4,236.1
22,1,1,1,0
22,1,1,2,0
22,1,1,3,0
22,1,1,4,0
22,1,2,1,0
22,1,2,2,0
22,1,2,3,0
22,1,2,4,0
22,2,1,1,0
22,2,1,2,0
22,2,1,3,0
22,2,1,4,0
22,2,2,1,0
22,2,2,2,0
22,2,2,3,0
22,2,2,4,0
23,1,1,1,0
23,1,1,2,0
23,1,1,3,0
23,1,1,4,0
23,1,2,1,0
23,1,2,2,0
23,1,2,3,0
23,1,2,4,0
23,2,1,1,0
23,2,1,2,0
23,2,1,3,0
23,2,1,4,0
23,2,2,1,0
23,2,2,2,0
23,2,2,3,0
23,2,2,4,0
24,1,1,1,0
24,1,1,2,0
24,1,1,3,0
24,1,1,4,0
24,1,2,1,0
24,1,2,2,0
24,1,2,3,0
24,1,2,4,0
24,2,1,1,0
24,2,1,2,0
24,2,1,3,0
24,2,1,4,0
24,2,2,1,0
24,2,2,2,0
24,2,2,3,0
24,2,2,4,0
25,1,1,1,131.8
25,1,1,2,181.9
25,1,1,3,213.4
25,1,1,4,159.3
25,1,2,1,149.7
25,1,2,2,271.5
25,1,2,3,176.4
25,1,2,4,218.1
25,2,1,1,273.2
25,2,1,2,147.2
25,2,1,3,187.3
25,2,1,4,199.7
25,2,2,1,288.8
25,2,2,2,211.9
25,2,2,3,149
25,2,2,4,232.6
26,1,1,1,255.4
26,1,1,2,274.3
26,1,1,3,115
26,1,1,4,221.4
26,1,2,1,272.1
26,1,2,2,238.5
26,1,2,3,293.5
26,1,2,4,147.6
26,2,1,1,208.9
26,2,1,2,297.4
26,2,1,3,261.3
26,2,1,4,133.4
26,2,2,1,191.1
26,2,2,2,136
26,2,2,3,237.8
26,2,2,4,197.1
27,1,1,1,0
27,1,1,2,0
27,1,1,3,0
27,1,1,4,0
27,1,2,1,0
27,1,2,2,0
27,1,2,3,0
27,1,2,4,0
27,2,1,1,0
27,2,1,2,0
27,2,1,3,0
27,2,1,4,0
27,2,2,1,0
27,2,2,2,0
27,2,2,3,0
27,2,2,4,0
28,1,1,1,0
28,1,1,2,0
28,1,1,3,0
28,1,1,4,0
28,1,2,1,0
28,1,2,2,0
28,1,2,3,0
28,1,2,4,0
28,2,1,1,0
28,2,1,2,0
28,2,1,3,0
28,2,1,4,0
28,2,2,1,0
28,2,2,2,0
28,2,2,3,0
28,2,2,4,0
29,1,1,1,0
29,1,1,2,0
29,1,1,3,0
29,1,1,4,0
29,1,2,1,0
29,1,2,2,0
29,1,2,3,0
29,1,2,4,0
29,2,1,1,0
29,2,1,2,0
29,2,1,3,0
29,2,1,4,0
29,2,2,1,0
29,2,2,2,0
29,2,2,3,0
29,2,2,4,0
30,1,1,1,131.8
30,1,1,2,181.9
30,1,1,3,213.4
30,1,1,4,159.3
30,1,2,1,149.7
30,1,2,2,271.5
30,1,2,3,176.4
30,1,2,4,218.1
30,2,1,1,273.2
30,2,1,2,147.2
30,2,1,3,187.3
30,2,1,4,199.7
30,2,2,1,288.8
30,2,2,2,211.9
30,2,2,3,149
30,2,2,4,232.6
31,1,1,1,0
31,1,1,2,0
31,1,1,3,0
31,1,1,4,0
31,1,2,1,0
31,1,2,2,0
31,1,2,3,0
31,1,2,4,0
31,2,1,1,0
31,2,1,2,0
31,2,1,3,0
31,2,1,4,0
31,2,2,1,0
31,2,2,2,0
31,2,2,3,0
31,2,2,4,0
32,1,1,1,0
32,1,1,2,0
32,1,1,3,0
32,1,1,4,0
32,1,2,1,0
32,1,2,2,0
32,1,2,3,0
32,1,2,4,0
32,2,1,1,0
32,2,1,2,0
32,2,1,3,0
32,2,1,4,0
32,2,2,1,0
32,2,2,2,0
32,2,2,3,0
32,2,2,4,0
33,1,1,1,0
33,1,1,2,0
33,1,1,3,0
33,1,1,4,0
33,1,2,1,0
33,1,2,2,0
33,1,2,3,0
33,1,2,4,0
33,2,1,1,0
33,2,1,2,0
33,2,1,3,0
33,2,1,4,0
33,2,2,1,0
33,2,2,2,0
33,2,2,3,0
33,2,2,4,0
34,1,1,1,157.5
34,1,1,2,145
34,1,1,3,290.6
34,1,1,4,156.6
34,1,2,1,245.4
34,1,2,2,211.3
34,1,2,3,206.1
34,1,2,4,231.2
34,2,1,1,277.9
34,2,1,2,199.9
34,2,1,3,200.6
34,2,1,4,228.6
34,2,2,1,246.9
34,2,2,2,111.7
34,2,2,3,154.4
34,2,2,4,236.1
35,1,1,1,0
35,1,1,2,0
35,1,1,3,0
35,1,1,4,0
35,1,2,1,0
35,1,2,2,0
35,1,2,3,0
35,1,2,4,0
35,2,1,1,0
35,2,1,2,0
35,2,1,3,0
35,2,1,4,0
35,2,2,1,0
35,2,2,2,0
35,2,2,3,0
35,2,2,4,0
36,1,1,1,0
36,1,1,2,0
36,1,1,3,0
36,1,1,4,0
36,1,2,1,0
36,1,2,2,0
36,1,2,3,0
36,1,2,4,0
36,2,1,1,0
36,2,1,2,0
36,2,1,3,0
36,2,1,4,0
36,2,2,1,0
36,2,2,2,0
36,2,2,3,0
36,2,2,4,0
37,1,1,1,0
37,1,1,2,0
37,1,1,3,0
37,1,1,4,0
37,1,2,1,0
37,1,2,2,0
37,1,2,3,0
37,1,2,4,0
37,2,1,1,0
37,2,1,2,0
37,2,1,3,0
37,2,1,4,0
37,2,2,1,0
37,2,2,2,0
37,2,2,3,0
37,2,2,4,0
38,1,1,1,237.4
38,1,1,2,254.3
38,1,1,3,289.8
38,1,1,4,240.8
38,1,2,1,277.2
38,1,2,2,179.2
38,1,2,3,299.3
38,1,2,4,270.2
38,2,1,1,272.9
38,2,1,2,256.1
38,2,1,3,221.6
38,2,1,4,135.1
38,2,2,1,170.2
38,2,2,2,193.5
38,2,2,3,261.2
38,2,2,4,206
39,1,1,1,0
39,1,1,2,0
39,1,1,3,0
39,1,1,4,0
39,1,2,1,0
39,1,2,2,0
39,1,2,3,0
39,1,2,4,0
39,2,1,1,0
39,2,1,2,0
39,2,1,3,0
39,2,1,4,0
39,2,2,1,0
39,2,2,2,0
39,2,2,3,0
39,2,2,4,0
40,1,1,1,0
40,1,1,2,0
40,1,1,3,0
40,1,1,4,0
40,1,2,1,0
40,1,2,2,0
40,1,2,3,0
40,1,2,4,0
40,2,1,1,0
40,2,1,2,0
40,2,1,3,0
40,2,1,4,0
40,2,2,1,0
40,2,2,2,0
40,2,2,3,0
40,2,2,4,0
41,1,1,1,0
41,1,1,2,0
41,1,1,3,0
41,1,1,4,0
41,1,2,1,0
41,1,2,2,0
41,1,2,3,0
41,1,2,4,0
41,2,1,1,0
41,2,1,2,0
41,2,1,3,0
41,2,1,4,0
41,2,2,1,0
41,2,2,2,0
41,2,2,3,0
41,2,2,4,0
42,1,1,1,255.4
42,1,1,2,274.3
42,1,1,3,115
42,1,1,4,221.4
42,1,2,1,272.1
42,1,2,2,238.5
42,1,2,3,293.5
42,1,2,4,147.6
42,2,1,1,208.9
42,2,1,2,297.4
42,2,1,3,261.3
42,2,1,4,133.4
42,2,2,1,191.1
42,2,2,2,136
42,2,2,3,237.8
42,2,2,4,197.1
43,1,1,1,0
43,1,1,2,0
43,1,1,3,0
43,1,1,4,0
43,1,2,1,0
43,1,2,2,0
43,1,2,3,0
43,1,2,4,0
43,2,1,1,0
43,2,1,2,0
43,2,1,3,0
43,2,1,4,0
43,2,2,1,0
43,2,2,2,0
43,2,2,3,0
43,2,2,4,0
44,1,1,1,0
44,1,1,2,0
44,1,1,3,0
44,1,1,4,0
44,1,2,1,0
44,1,2,2,0
44,1,2,3,0
44,1,2,4,0
44,2,1,1,0
44,2,1,2,0
44,2,1,3,0
44,2,1,4,0
44,2,2,1,0
44,2,2,2,0
44,2,2,3,0
44,2,2,4,0
45,1,1,1,0
45,1,1,2,0
45,1,1,3,0
45,1,1,4,0
45,1,2,1,0
45,1,2,2,0
45,1,2,3,0
45,1,2,4,0
45,2,1,1,0
45,2,1,2,0
45,2,1,3,0
45,2,1,4,0
45,2,2,1,0
45,2,2,2,0
45,2,2,3,0
45,2,2,4,0
46,1,1,1,157.5
46,1,1,2,145
46,1,1,3,290.6
46,1,1,4,156.6
46,1,2,1,245.4
46,1,2,2,211.3
46,1,2,3,206.1
46,1,2,4,231.2
46,2,1,1,277.9
46,2,1,2,199.9
46,2,1,3,200.6
46,2,1,4,228.6
46,2,2,1,246.9
46,2,2,2,111.7
46,2,2,3,154.4
46,2,2,4,236.1
47,1,1,1,0
47,1,1,2,0
47,1,1,3,0
47,1,1,4,0
47,1,2,1,0
47,1,2,2,0
47,1,2,3,0
47,1,2,4,0
47,2,1,1,0
47,2,1,2,0
47,2,1,3,0
47,2,1,4,0
47,2,2,1,0
47,2,2,2,0
47,2,2,3,0
47,2,2,4,0
48,1,1,1,0
48,1,1,2,0
48,1,1,3,0
48,1,1,4,0
48,1,2,1,0
48,1,2,2,0
48,1,2,3,0
48,1,2,4,0
48,2,1,1,0
48,2,1,2,0
48,2,1,3,0
48,2,1,4,0
48,2,2,1,0
48,2,2,2,0
48,2,2,3,0
48,2,2,4,0
49,1,1,1,0
49,1,1,2,0
49,1,1,3,0
49,1,1,4,0
49,1,2,1,0
49,1,2,2,0
49,1,2,3,0
49,1,2,4,0
49,2,1,1,0
49,2,1,2,0
49,2,1,3,0
49,2,1,4,0
49,2,2,1,0
49,2,2,2,0
49,2,2,3,0
49,2,2,4,0
50,1,1,1,131.8
50,1,1,2,181.9
50,1,1,3,213.4
50,1,1,4,159.3
50,1,2,1,149.7
50,1,2,2,271.5
50,1,2,3,176.4
50,1,2,4,218.1
50,2,1,1,273.2
50,2,1,2,147.2
50,2,1,3,187.3
50,2,1,4,199.7
50,2,2,1,288.8
50,2,2,2,211.9
50,2,2,3,149
50,2,2,4,232.6
51,1,1,1,255.4
51,1,1,2,274.3
51,1,1,3,115
51,1,1,4,221.4
51,1,2,1,272.1
51,1,2,2,238.5
51,1,2,3,293.5
51,1,2,4,147.6
51,2,1,1,208.9
51,2,1,2,297.4
51,2,1,3,261.3
51,2,1,4,133.4
51,2,2,1,191.1
51,2,2,2,136
51,2,2,3,237.8
51,2,2,4,197.1
52,1,1,1,0
52,1,1,2,0
52,1,1,3,0
52,1,1,4,0
52,1,2,1,0
52,1,2,2,0
52,1,2,3,0
52,1,2,4,0
52,2,1,1,0
52,2,1,2,0
52,2,1,3,0
52,2,1,4,0
52,2,2,1,0
52,2,2,2,0
52,2,2,3,0
52,2,2,4,0
53,1,1,1,0
53,1,1,2,0
53,1,1,3,0
53,1,1,4,0
53,1,2,1,0
53,1,2,2,0
53,1,2,3,0
53,1,2,4,0
53,2,1,1,0
53,2,1,2,0
53,2,1,3,0
53,2,1,4,0
53,2,2,1,0
53,2,2,2,0
53,2,2,3,0
53,2,2,4,0
54,1,1,1,0
54,1,1,2,0
54,1,1,3,0
54,1,1,4,0
54,1,2,1,0
54,1,2,2,0
54,1,2,3,0
54,1,2,4,0
54,2,1,1,0
54,2,1,2,0
54,2,1,3,0
54,2,1,4,0
54,2,2,1,0
54,2,2,2,0
54,2,2,3,0
54,2,2,4,0
55,1,1,1,131.8
55,1,1,2,181.9
55,1,1,3,213.4
55,1,1,4,159.3
55,1,2,1,149.7
55,1,2,2,271.5
55,1,2,3,176.4
55,1,2,4,218.1
55,2,1,1,273.2
55,2,1,2,147.2
55,2,1,3,187.3
55,2,1,4,199.7
55,2,2,1,288.8
55,2,2,2,211.9
55,2,2,3,149
55,2,2,4,232.6
56,1,1,1,0
56,1,1,2,0
56,1,1,3,0
56,1,1,4,0
56,1,2,1,0
56,1,2,2,0
56,1,2,3,0
56,1,2,4,0
56,2,1,1,0
56,2,1,2,0
56,2,1,3,0
56,2,1,4,0
56,2,2,1,0
56,2,2,2,0
56,2,2,3,0
56,2,2,4,0
57,1,1,1,0
57,1,1,2,0
57,1,1,3,0
57,1,1,4,0
57,1,2,1,0
57,1,2,2,0
57,1,2,3,0
57,1,2,4,0
57,2,1,1,0
57,2,1,2,0
57,2,1,3,0
57,2,1,4,0
57,2,2,1,0
57,2,2,2,0
57,2,2,3,0
57,2,2,4,0
58,1,1,1,0
58,1,1,2,0
58,1,1,3,0
58,1,1,4,0
58,1,2,1,0
58,1,2,2,0
58,1,2,3,0
58,1,2,4,0
58,2,1,1,0
58,2,1,2,0
58,2,1,3,0
58,2,1,4,0
58,2,2,1,0
58,2,2,2,0
58,2,2,3,0
58,2,2,4,0
59,1,1,1,157.5
59,1,1,2,145
59,1,1,3,290.6
59,1,1,4,156.6
59,1,2,1,245.4
59,1,2,2,211.3
59,1,2,3,206.1
59,1,2,4,231.2
59,2,1,1,277.9
59,2,1,2,199.9
59,2,1,3,200.6
59,2,1,4,228.6
59,2,2,1,246.9
59,2,2,2,111.7
59,2,2,3,154.4
59,2,2,4,236.1
60,1,1,1,0
60,1,1,2,0
60,1,1,3,0
60,1,1,4,0
60,1,2,1,0
60,1,2,2,0
60,1,2,3,0
60,1,2,4,0
60,2,1,1,0
60,2,1,2,0
60,2,1,3,0
60,2,1,4,0
60,2,2,1,0
60,2,2,2,0
60,2,2,3,0
60,2,2,4,0
61,1,1,1,0
61,1,1,2,0
61,1,1,3,0
61,1,1,4,0
61,1,2,1,0
61,1,2,2,0
61,1,2,3,0
61,1,2,4,0
61,2,1,1,0
61,2,1,2,0
61,2,1,3,0
61,2,1,4,0
61,2,2,1,0
61,2,2,2,0
61,2,2,3,0
61,2,2,4,0
62,1,1,1,0
62,1,1,2,0
62,1,1,3,0
62,1,1,4,0
62,1,2,1,0
62,1,2,2,0
62,1,2,3,0
62,1,2,4,0
62,2,1,1,0
62,2,1,2,0
62,2,1,3,0
62,2,1,4,0
62,2,2,1,0
62,2,2,2,0
62,2,2,3,0
62,2,2,4,0
63,1,1,1,237.4
63,1,1,2,254.3
63,1,1,3,289.8
63,1,1,4,240.8
63,1,2,1,277.2
63,1,2,2,179.2
63,1,2,3,299.3
63,1,2,4,270.2
63,2,1,1,272.9
63,2,1,2,256.1
63,2,1,3,221.6
63,2,1,4,135.1
63,2,2,1,170.2
63,2,2,2,193.5
63,2,2,3,261.2
63,2,2,4,206
64,1,1,1,0
64,1,1,2,0
64,1,1,3,0
64,1,1,4,0
64,1,2,1,0
64,1,2,2,0
64,1,2,3,0
64,1,2,4,0
64,2,1,1,0
64,2,1,2,0
64,2,1,3,0
64,2,1,4,0
64,2,2,1,0
64,2,2,2,0
64,2,2,3,0
64,2,2,4,0
65,1,1,1,0
65,1,1,2,0
65,1,1,3,0
65,1,1,4,0
65,1,2,1,0
65,1,2,2,0
65,1,2,3,0
65,1,2,4,0
65,2,1,1,0
65,2,1,2,0
65,2,1,3,0
65,2,1,4,0
65,2,2,1,0
65,2,2,2,0
65,2,2,3,0
65,2,2,4,0
66,1,1,1,0
66,1,1,2,0
66,1,1,3,0
66,1,1,4,0
66,1,2,1,0
66,1,2,2,0
66,1,2,3,0
66,1,2,4,0
66,2,1,1,0
66,2,1,2,0
66,2,1,3,0
66,2,1,4,0
66,2,2,1,0
66,2,2,2,0
66,2,2,3,0
66,2,2,4,0
67,1,1,1,255.4
67,1,1,2,274.3
67,1,1,3,115
67,1,1,4,221.4
67,1,2,1,272.1
67,1,2,2,238.5
67,1,2,3,293.5
67,1,2,4,147.6
67,2,1,1,208.9
67,2,1,2,297.4
67,2,1,3,261.3
67,2,1,4,133.4
67,2,2,1,191.1
67,2,2,2,136
67,2,2,3,237.8
67,2,2,4,197.1
68,1,1,1,0
68,1,1,2,0
68,1,1,3,0
68,1,1,4,0
68,1,2,1,0
68,1,2,2,0
68,1,2,3,0
68,1,2,4,0
68,2,1,1,0
68,2,1,2,0
68,2,1,3,0
68,2,1,4,0
68,2,2,1,0
68,2,2,2,0
68,2,2,3,0
68,2,2,4,0
69,1,1,1,0
69,1,1,2,0
69,1,1,3,0
69,1,1,4,0
69,1,2,1,0
69,1,2,2,0
69,1,2,3,0
69,1,2,4,0
69,2,1,1,0
69,2,1,2,0
69,2,1,3,0
69,2,1,4,0
69,2,2,1,0
69,2,2,2,0
69,2,2,3,0
69,2,2,4,0
70,1,1,1,0
70,1,1,2,0
70,1,1,3,0
70,1,1,4,0
70,1,2,1,0
70,1,2,2,0
70,1,2,3,0
70,1,2,4,0
70,2,1,1,0
70,2,1,2,0
70,2,1,3,0
70,2,1,4,0
70,2,2,1,0
70,2,2,2,0
70,2,2,3,0
70,2,2,4,0
71,1,1,1,157.5
71,1,1,2,145
71,1,1,3,290.6
71,1,1,4,156.6
71,1,2,1,245.4
71,1,2,2,211.3
71,1,2,3,206.1
71,1,2,4,231.2
71,2,1,1,277.9
71,2,1,2,199.9
71,2,1,3,200.6
71,2,1,4,228.6
71,2,2,1,246.9
71,2,2,2,111.7
71,2,2,3,154.4
71,2,2,4,236.1
72,1,1,1,0
72,1,1,2,0
72,1,1,3,0
72,1,1,4,0
72,1,2,1,0
72,1,2,2,0
72,1,2,3,0
72,1,2,4,0
72,2,1,1,0
72,2,1,2,0
72,2,1,3,0
72,2,1,4,0
72,2,2,1,0
72,2,2,2,0
72,2,2,3,0
72,2,2,4,0
73,1,1,1,0
73,1,1,2,0
73,1,1,3,0
73,1,1,4,0
73,1,2,1,0
73,1,2,2,0
73,1,2,3,0
73,1,2,4,0
73,2,1,1,0
73,2,1,2,0
73,2,1,3,0
73,2,1,4,0
73,2,2,1,0
73,2,2,2,0
73,2,2,3,0
73,2,2,4,0
74,1,1,1,0
74,1,1,2,0
74,1,1,3,0
74,1,1,4,0
74,1,2,1,0
74,1,2,2,0
74,1,2,3,0
74,1,2,4,0
74,2,1,1,0
74,2,1,2,0
74,2,1,3,0
74,2,1,4,0
74,2,2,1,0
74,2,2,2,0
74,2,2,3,0
74,2,2,4,0
75,1,1,1,131.8
75,1,1,2,181.9
75,1,1,3,213.4
75,1,1,4,159.3
75,1,2,1,149.7
75,1,2,2,271.5
75,1,2,3,176.4
75,1,2,4,218.1
75,2,1,1,273.2
75,2,1,2,147.2
75,2,1,3,187.3
75,2,1,4,199.7
75,2,2,1,288.8
75,2,2,2,211.9
75,2,2,3,149
75,2,2,4,232.6
76,1,1,1,255.4
76,1,1,2,274.3
76,1,1,3,115
76,1,1,4,221.4
76,1,2,1,272.1
76,1,2,2,238.5
76,1,2,3,293.5
76,1,2,4,147.6
76,2,1,1,208.9
76,2,1,2,297.4
76,2,1,3,261.3
76,2,1,4,133.4
76,2,2,1,191.1
76,2,2,2,136
76,2,2,3,237.8
76,2,2,4,197.1
77,1,1,1,0
77,1,1,2,0
77,1,1,3,0
77,1,1,4,0
77,1,2,1,0
77,1,2,2,0
77,1,2,3,0
77,1,2,4,0
77,2,1,1,0
77,2,1,2,0
77,2,1,3,0
77,2,1,4,0
77,2,2,1,0
77,2,2,2,0
77,2,2,3,0
77,2,2,4,0
78,1,1,1,0
78,1,1,2,0
78,1,1,3,0
78,1,1,4,0
78,1,2,1,0
78,1,2,2,0
78,1,2,3,0
78,1,2,4,0
78,2,1,1,0
78,2,1,2,0
78,2,1,3,0
78,2,1,4,0
78,2,2,1,0
78,2,2,2,0
78,2,2,3,0
78,2,2,4,0
79,1,1,1,0
79,1,1,2,0
79,1,1,3,0
79,1,1,4,0
79,1,2,1,0
79,1,2,2,0
79,1,2,3,0
79,1,2,4,0
79,2,1,1,0
79,2,1,2,0
79,2,1,3,0
79,2,1,4,0
79,2,2,1,0
79,2,2,2,0
79,2,2,3,0
79,2,2,4,0
80,1,1,1,131.8
80,1,1,2,181.9
80,1,1,3,213.4
80,1,1,4,159.3
80,1,2,1,149.7
80,1,2,2,271.5
80,1,2,3,176.4
80,1,2,4,218.1
80,2,1,1,273.2
80,2,1,2,147.2
80,2,1,3,187.3
80,2,1,4,199.7
80,2,2,1,288.8
80,2,2,2,211.9
80,2,2,3,149
80,2,2,4,232.6
81,1,1,1,0
81,1,1,2,0
81,1,1,3,0
81,1,1,4,0
81,1,2,1,0
81,1,2,2,0
81,1,2,3,0
81,1,2,4,0
81,2,1,1,0
81,2,1,2,0
81,2,1,3,0
81,2,1,4,0
81,2,2,1,0
81,2,2,2,0
81,2,2,3,0
81,2,2,4,0
82,1,1,1,0
82,1,1,2,0
82,1,1,3,0
82,1,1,4,0
82,1,2,1,0
82,1,2,2,0
82,1,2,3,0
82,1,2,4,0
82,2,1,1,0
82,2,1,2,0
82,2,1,3,0
82,2,1,4,0
82,2,2,1,0
82,2,2,2,0
82,2,2,3,0
82,2,2,4,0
83,1,1,1,0
83,1,1,2,0
83,1,1,3,0
83,1,1,4,0
83,1,2,1,0
83,1,2,2,0
83,1,2,3,0
83,1,2,4,0
83,2,1,1,0
83,2,1,2,0
83,2,1,3,0
83,2,1,4,0
83,2,2,1,0
83,2,2,2,0
83,2,2,3,0
83,2,2,4,0
84,1,1,1,157.5
84,1,1,2,145
84,1,1,3,290.6
84,1,1,4,156.6
84,1,2,1,245.4
84,1,2,2,211.3
84,1,2,3,206.1
84,1,2,4,231.2
84,2,1,1,277.9
84,2,1,2,199.9
84,2,1,3,200.6
84,2,1,4,228.6
84,2,2,1,246.9
84,2,2,2,111.7
84,2,2,3,154.4
84,2,2,4,236.1
85,1,1,1,0
85,1,1,2,0
85,1,1,3,0
85,1,1,4,0
85,1,2,1,0
85,1,2,2,0
85,1,2,3,0
85,1,2,4,0
85,2,1,1,0
85,2,1,2,0
85,2,1,3,0
85,2,1,4,0
85,2,2,1,0
85,2,2,2,0
85,2,2,3,0
85,2,2,4,0
86,1,1,1,0
86,1,1,2,0
86,1,1,3,0
86,1,1,4,0
86,1,2,1,0
86,1,2,2,0
86,1,2,3,0
86,1,2,4,0
86,2,1,1,0
86,2,1,2,0
86,2,1,3,0
86,2,1,4,0
86,2,2,1,0
86,2,2,2,0
86,2,2,3,0
86,2,2,4,0
87,1,1,1,0
87,1,1,2,0
87,1,1,3,0
87,1,1,4,0
87,1,2,1,0
87,1,2,2,0
87,1,2,3,0
87,1,2,4,0
87,2,1,1,0
87,2,1,2,0
87,2,1,3,0
87,2,1,4,0
87,2,2,1,0
87,2,2,2,0
87,2,2,3,0
87,2,2,4,0
88,1,1,1,237.4
88,1,1,2,254.3
88,1,1,3,289.8
88,1,1,4,240.8
88,1,2,1,277.2
88,1,2,2,179.2
88,1,2,3,299.3
88,1,2,4,270.2
88,2,1,1,272.9
88,2,1,2,256.1
88,2,1,3,221.6
88,2,1,4,135.1
88,2,2,1,170.2
88,2,2,2,193.5
88,2,2,3,261.2
88,2,2,4,206
89,1,1,1,0
89,1,1,2,0
89,1,1,3,0
89,1,1,4,0
89,1,2,1,0
89,1,2,2,0
89,1,2,3,0
89,1,2,4,0
89,2,1,1,0
89,2,1,2,0
89,2,1,3,0
89,2,1,4,0
89,2,2,1,0
89,2,2,2,0
89,2,2,3,0
89,2,2,4,0
90,1,1,1,0
90,1,1,2,0
90,1,1,3,0
90,1,1,4,0
90,1,2,1,0
90,1,2,2,0
90,1,2,3,0
90,1,2,4,0
90,2,1,1,0
90,2,1,2,0
90,2,1,3,0
90,2,1,4,0
90,2,2,1,0
90,2,2,2,0
90,2,2,3,0
90,2,2,4,0
91,1,1,1,0
91,1,1,2,0
91,1,1,3,0
91,1,1,4,0
91,1,2,1,0
91,1,2,2,0
91,1,2,3,0
91,1,2,4,0
91,2,1,1,0
91,2,1,2,0
91,2,1,3,0
91,2,1,4,0
91,2,2,1,0
91,2,2,2,0
91,2,2,3,0
91,2,2,4,0
92,1,1,1,255.4
92,1,1,2,274.3
92,1,1,3,115
92,1,1,4,221.4
92,1,2,1,272.1
92,1,2,2,238.5
92,1,2,3,293.5
92,1,2,4,147.6
92,2,1,1,208.9
92,2,1,2,297.4
92,2,1,3,261.3
92,2,1,4,133.4
92,2,2,1,191.1
92,2,2,2,136
92,2,2,3,237.8
92,2,2,4,197.1
93,1,1,1,0
93,1,1,2,0
93,1,1,3,0
93,1,1,4,0
93,1,2,1,0
93,1,2,2,0
93,1,2,3,0
93,1,2,4,0
93,2,1,1,0
93,2,1,2,0
93,2,1,3,0
93,2,1,4,0
93,2,2,1,0
93,2,2,2,0
93,2,2,3,0
93,2,2,4,0
94,1,1,1,0
94,1,1,2,0
94,1,1,3,0
94,1,1,4,0
94,1,2,1,0
94,1,2,2,0
94,1,2,3,0
94,1,2,4,0
94,2,1,1,0
94,2,1,2,0
94,2,1,3,0
94,2,1,4,0
94,2,2,1,0
94,2,2,2,0
94,2,2,3,0
94,2,2,4,0
95,1,1,1,0
95,1,1,2,0
95,1,1,3,0
95,1,1,4,0
95,1,2,1,0
95,1,2,2,0
95,1,2,3,0
95,1,2,4,0
95,2,1,1,0
95,2,1,2,0
95,2,1,3,0
95,2,1,4,0
95,2,2,1,0
95,2,2,2,0
95,2,2,3,0
95,2,2,4,0
96,1,1,1,157.5
96,1,1,2,145
96,1,1,3,290.6
96,1,1,4,156.6
96,1,2,1,245.4
96,1,2,2,211.3
96,1,2,3,206.1
96,1,2,4,231.2
96,2,1,1,277.9
96,2,1,2,199.9
96,2,1,3,200.6
96,2,1,4,228.6
96,2,2,1,246.9
96,2,2,2,111.7
96,2,2,3,154.4
96,2,2,4,236.1
97,1,1,1,0
97,1,1,2,0
97,1,1,3,0
97,1,1,4,0
97,1,2,1,0
97,1,2,2,0
97,1,2,3,0
97,1,2,4,0
97,2,1,1,0
97,2,1,2,0
97,2,1,3,0
97,2,1,4,0
97,2,2,1,0
97,2,2,2,0
97,2,2,3,0
97,2,2,4,0
98,1,1,1,0
98,1,1,2,0
98,1,1,3,0
98,1,1,4,0
98,1,2,1,0
98,1,2,2,0
98,1,2,3,0
98,1,2,4,0
98,2,1,1,0
98,2,1,2,0
98,2,1,3,0
98,2,1,4,0
98,2,2,1,0
98,2,2,2,0
98,2,2,3,0
98,2,2,4,0
99,1,1,1,0
99,1,1,2,0
99,1,1,3,0
99,1,1,4,0
99,1,2,1,0
99,1,2,2,0
99,1,2,3,0
99,1,2,4,0
99,2,1,1,0
99,2,1,2,0
99,2,1,3,0
99,2,1,4,0
99,2,2,1,0
99,2,2,2,0
99,2,2,3,0
99,2,2,4,0
100,1,1,1,131.8
100,1,1,2,181.9
100,1,1,3,213.4
100,1,1,4,159.3
100,1,2,1,149.7
100,1,2,2,271.5
100,1,2,3,176.4
100,1,2,4,218.1
100,2,1,1,273.2
100,2,1,2,147.2
100,2,1,3,187.3
100,2,1,4,199.7
100,2,2,1,288.8
100,2,2,2,211.9
100,2,2,3,149
100,2,2,4,232.6
101,1,1,1,255.4
101,1,1,2,274.3
101,1,1,3,115
101,1,1,4,221.4
101,1,2,1,272.1
101,1,2,2,238.5
101,1,2,3,293.5
101,1,2,4,147.6
101,2,1,1,208.9
101,2,1,2,297.4
101,2,1,3,261.3
101,2,1,4,133.4
101,2,2,1,191.1
101,2,2,2,136
101,2,2,3,237.8
101,2,2,4,197.1
102,1,1,1,0
102,1,1,2,0
102,1,1,3,0
102,1,1,4,0
102,1,2,1,0
102,1,2,2,0
102,1,2,3,0
102,1,2,4,0
102,2,1,1,0
102,2,1,2,0
102,2,1,3,0
102,2,1,4,0
102,2,2,1,0
102,2,2,2,0
102,2,2,3,0
102,2,2,4,0
103,1,1,1,0
103,1,1,2,0
103,1,1,3,0
103,1,1,4,0
103,1,2,1,0
103,1,2,2,0
103,1,2,3,0
103,1,2,4,0
103,2,1,1,0
103,2,1,2,0
103,2,1,3,0
103,2,1,4,0
103,2,2,1,0
103,2,2,2,0
103,2,2,3,0
103,2,2,4,0
104,1,1,1,0
104,1,1,2,0
104,1,1,3,0
104,1,1,4,0
104,1,2,1,0
104,1,2,2,0
104,1,2,3,0
104,1,2,4,0
104,2,1,1,0
104,2,1,2,0
104,2,1,3,0
104,2,1,4,0
104,2,2,1,0
104,2,2,2,0
104,2,2,3,0
104,2,2,4,0
105,1,1,1,131.8
105,1,1,2,181.9
105,1,1,3,213.4
105,1,1,4,159.3
105,1,2,1,149.7
105,1,2,2,271.5
105,1,2,3,176.4
105,1,2,4,218.1
105,2,1,1,273.2
105,2,1,2,147.2
105,2,1,3,187.3
105,2,1,4,199.7
105,2,2,1,288.8
105,2,2,2,211.9
105,2,2,3,149
105,2,2,4,232.6
106,1,1,1,0
106,1,1,2,0
106,1,1,3,0
106,1,1,4,0
106,1,2,1,0
106,1,2,2,0
106,1,2,3,0
106,1,2,4,0
106,2,1,1,0
106,2,1,2,0
106,2,1,3,0
106,2,1,4,0
106,2,2,1,0
106,2,2,2,0
106,2,2,3,0
106,2,2,4,0
107,1,1,1,0
107,1,1,2,0
107,1,1,3,0
107,1,1,4,0
107,1,2,1,0
107,1,2,2,0
107,1,2,3,0
107,1,2,4,0
107,2,1,1,0
107,2,1,2,0
107,2,1,3,0
107,2,1,4,0
107,2,2,1,0
107,2,2,2,0
107,2,2,3,0
107,2,2,4,0
108,1,1,1,0
108,1,1,2,0
108,1,1,3,0
108,1,1,4,0
108,1,2,1,0
108,1,2,2,0
108,1,2,3,0
108,1,2,4,0
108,2,1,1,0
108,2,1,2,0
108,2,1,3,0
108,2,1,4,0
108,2,2,1,0
108,2,2,2,0
108,2,2,3,0
108,2,2,4,0
109,1,1,1,157.5
109,1,1,2,145
109,1,1,3,290.6
109,1,1,4,156.6
109,1,2,1,245.4
109,1,2,2,211.3
109,1,2,3,206.1
109,1,2,4,231.2
109,2,1,1,277.9
109,2,1,2,199.9
109,2,1,3,200.6
109,2,1,4,228.6
109,2,2,1,246.9
109,2,2,2,111.7
109,2,2,3,154.4
109,2,2,4,236.1
110,1,1,1,0
110,1,1,2,0
110,1,1,3,0
110,1,1,4,0
110,1,2,1,0
110,1,2,2,0
110,1,2,3,0
110,1,2,4,0
110,2,1,1,0
110,2,1,2,0
110,2,1,3,0
110,2,1,4,0
110,2,2,1,0
110,2,2,2,0
110,2,2,3,0
110,2,2,4,0
111,1,1,1,0
111,1,1,2,0
111,1,1,3,0
111,1,1,4,0
111,1,2,1,0
111,1,2,2,0
111,1,2,3,0
111,1,2,4,0
111,2,1,1,0
111,2,1,2,0
111,2,1,3,0
111,2,1,4,0
111,2,2,1,0
111,2,2,2,0
111,2,2,3,0
111,2,2,4,0
112,1,1,1,0
112,1,1,2,0
112,1,1,3,0
112,1,1,4,0
112,1,2,1,0
112,1,2,2,0
112,1,2,3,0
112,1,2,4,0
112,2,1,1,0
112,2,1,2,0
112,2,1,3,0
112,2,1,4,0
112,2,2,1,0
112,2,2,2,0
112,2,2,3,0
112,2,2,4,0
113,1,1,1,237.4
113,1,1,2,254.3
113,1,1,3,289.8
113,1,1,4,240.8
113,1,2,1,277.2
113,1,2,2,179.2
113,1,2,3,299.3
113,1,2,4,270.2
113,2,1,1,272.9
113,2,1,2,256.1
113,2,1,3,221.6
113,2,1,4,135.1
113,2,2,1,170.2
113,2,2,2,193.5
113,2,2,3,261.2
113,2,2,4,206
114,1,1,1,0
114,1,1,2,0
114,1,1,3,0
114,1,1,4,0
114,1,2,1,0
114,1,2,2,0
114,1,2,3,0
114,1,2,4,0
114,2,1,1,0
114,2,1,2,0
114,2,1,3,0
114,2,1,4,0
114,2,2,1,0
114,2,2,2,0
114,2,2,3,0
114,2,2,4,0
115,1,1,1,0
115,1,1,2,0
115,1,1,3,0
115,1,1,4,0
115,1,2,1,0
115,1,2,2,0
115,1,2,3,0
115,1,2,4,0
115,2,1,1,0
115,2,1,2,0
115,2,1,3,0
115,2,1,4,0
115,2,2,1,0
115,2,2,2,0
115,2,2,3,0
115,2,2,4,0
116,1,1,1,0
116,1,1,2,0
116,1,1,3,0
116,1,1,4,0
116,1,2,1,0
116,1,2,2,0
116,1,2,3,0
116,1,2,4,0
116,2,1,1,0
116,2,1,2,0
116,2,1,3,0
116,2,1,4,0
116,2,2,1,0
116,2,2,2,0
116,2,2,3,0
116,2,2,4,0
117,1,1,1,255.4
117,1,1,2,274.3
117,1,1,3,115
117,1,1,4,221.4
117,1,2,1,272.1
117,1,2,2,238.5
117,1,2,3,293.5
117,1,2,4,147.6
117,2,1,1,208.9
117,2,1,2,297.4
117,2,1,3,261.3
117,2,1,4,133.4
117,2,2,1,191.1
117,2,2,2,136
117,2,2,3,237.8
117,2,2,4,197.1
118,1,1,1,0
118,1,1,2,0
118,1,1,3,0
118,1,1,4,0
118,1,2,1,0
118,1,2,2,0
118,1,2,3,0
118,1,2,4,0
118,2,1,1,0
118,2,1,2,0
118,2,1,3,0
118,2,1,4,0
118,2,2,1,0
118,2,2,2,0
118,2,2,3,0
118,2,2,4,0
119,1,1,1,0
119,1,1,2,0
119,1,1,3,0
119,1,1,4,0
119,1,2,1,0
119,1,2,2,0
119,1,2,3,0
119,1,2,4,0
119,2,1,1,0
119,2,1,2,0
119,2,1,3,0
119,2,1,4,0
119,2,2,1,0
119,2,2,2,0
119,2,2,3,0
119,2,2,4,0
120,1,1,1,0
120,1,1,2,0
120,1,1,3,0
120,1,1,4,0
120,1,2,1,0
120,1,2,2,0
120,1,2,3,0
120,1,2,4,0
120,2,1,1,0
120,2,1,2,0
120,2,1,3,0
120,2,1,4,0
120,2,2,1,0
120,2,2,2,0
120,2,2,3,0
120,2,2,4,0
121,1,1,1,157.5
121,1,1,2,145
121,1,1,3,290.6
121,1,1,4,156.6
121,1,2,1,245.4
121,1,2,2,211.3
121,1,2,3,206.1
121,1,2,4,231.2
121,2,1,1,277.9
121,2,1,2,199.9
121,2,1,3,200.6
121,2,1,4,228.6
121,2,2,1,246.9
121,2,2,2,111.7
121,2,2,3,154.4
121,2,2,4,236.1
122,1,1,1,0
122,1,1,2,0
122,1,1,3,0
122,1,1,4,0
122,1,2,1,0
122,1,2,2,0
122,1,2,3,0
122,1,2,4,0
122,2,1,1,0
122,2,1,2,0
122,2,1,3,0
122,2,1,4,0
122,2,2,1,0
122,2,2,2,0
122,2,2,3,0
122,2,2,4,0
123,1,1,1,0
123,1,1,2,0
123,1,1,3,0
123,1,1,4,0
123,1,2,1,0
123,1,2,2,0
123,1,2,3,0
123,1,2,4,0
123,2,1,1,0
123,2,1,2,0
123,2,1,3,0
123,2,1,4,0
123,2,2,1,0
123,2,2,2,0
123,2,2,3,0
123,2,2,4,0
124,1,1,1,0
124,1,1,2,0
124,1,1,3,0
124,1,1,4,0
124,1,2,1,0
124,1,2,2,0
124,1,2,3,0
124,1,2,4,0
124,2,1,1,0
124,2,1,2,0
124,2,1,3,0
124,2,1,4,0
124,2,2,1,0
124,2,2,2,0
124,2,2,3,0
124,2,2,4,0
125,1,1,1,131.8
125,1,1,2,181.9
125,1,1,3,213.4
125,1,1,4,159.3
125,1,2,1,149.7
125,1,2,2,271.5
125,1,2,3,176.4
125,1,2,4,218.1
125,2,1,1,273.2
125,2,1,2,147.2
125,2,1,3,187.3
125,2,1,4,199.7
125,2,2,1,288.8
125,2,2,2,211.9
125,2,2,3,149
125,2,2,4,232.6
126,1,1,1,255.4
126,1,1,2,274.3
126,1,1,3,115
126,1,1,4,221.4
126,1,2,1,272.1
126,1,2,2,238.5
126,1,2,3,293.5
126,1,2,4,147.6
126,2,1,1,208.9
126,2,1,2,297.4
126,2,1,3,261.3
126,2,1,4,133.4
126,2,2,1,191.1
126,2,2,2,136
126,2,2,3,237.8
126,2,2,4,197.1
127,1,1,1,0
127,1,1,2,0
127,1,1,3,0
127,1,1,4,0
127,1,2,1,0
127,1,2,2,0
127,1,2,3,0
127,1,2,4,0
127,2,1,1,0
127,2,1,2,0
127,2,1,3,0
127,2,1,4,0
127,2,2,1,0
127,2,2,2,0
127,2,2,3,0
127,2,2,4,0
128,1,1,1,0
128,1,1,2,0
128,1,1,3,0
128,1,1,4,0
128,1,2,1,0
128,1,2,2,0
128,1,2,3,0
128,1,2,4,0
128,2,1,1,0
128,2,1,2,0
128,2,1,3,0
128,2,1,4,0
128,2,2,1,0
128,2,2,2,0
128,2,2,3,0
128,2,2,4,0
129,1,1,1,0
129,1,1,2,0
129,1,1,3,0
129,1,1,4,0
129,1,2,1,0
129,1,2,2,0
129,1,2,3,0
129,1,2,4,0
129,2,1,1,0
129,2,1,2,0
129,2,1,3,0
129,2,1,4,0
129,2,2,1,0
129,2,2,2,0
129,2,2,3,0
129,2,2,4,0
130,1,1,1,131.8
130,1,1,2,181.9
130,1,1,3,213.4
130,1,1,4,159.3
130,1,2,1,149.7
130,1,2,2,271.5
130,1,2,3,176.4
130,1,2,4,218.1
130,2,1,1,273.2
130,2,1,2,147.2
130,2,1,3,187.3
130,2,1,4,199.7
130,2,2,1,288.8
130,2,2,2,211.9
130,2,2,3,149
130,2,2,4,232.6
131,1,1,1,0
131,1,1,2,0
131,1,1,3,0
131,1,1,4,0
131,1,2,1,0
131,1,2,2,0
131,1,2,3,0
131,1,2,4,0
131,2,1,1,0
131,2,1,2,0
131,2,1,3,0
131,2,1,4,0
131,2,2,1,0
131,2,2,2,0
131,2,2,3,0
131,2,2,4,0
132,1,1,1,0
132,1,1,2,0
132,1,1,3,0
132,1,1,4,0
132,1,2,1,0
132,1,2,2,0
132,1,2,3,0
132,1,2,4,0
132,2,1,1,0
132,2,1,2,0
132,2,1,3,0
132,2,1,4,0
132,2,2,1,0
132,2,2,2,0
132,2,2,3,0
132,2,2,4,0
133,1,1,1,0
133,1,1,2,0
133,1,1,3,0
133,1,1,4,0
133,1,2,1,0
133,1,2,2,0
133,1,2,3,0
133,1,2,4,0
133,2,1,1,0
133,2,1,2,0
133,2,1,3,0
133,2,1,4,0
133,2,2,1,0
133,2,2,2,0
133,2,2,3,0
133,2,2,4,0
134,1,1,1,157.5
134,1,1,2,145
134,1,1,3,290.6
134,1,1,4,156.6
134,1,2,1,245.4
134,1,2,2,211.3
134,1,2,3,206.1
134,1,2,4,231.2
134,2,1,1,277.9
134,2,1,2,199.9
134,2,1,3,200.6
134,2,1,4,228.6
134,2,2,1,246.9
134,2,2,2,111.7
134,2,2,3,154.4
134,2,2,4,236.1
135,1,1,1,0
135,1,1,2,0
135,1,1,3,0
135,1,1,4,0
135,1,2,1,0
135,1,2,2,0
135,1,2,3,0
135,1,2,4,0
135,2,1,1,0
135,2,1,2,0
135,2,1,3,0
135,2,1,4,0
135,2,2,1,0
135,2,2,2,0
135,2,2,3,0
135,2,2,4,0
136,1,1,1,0
136,1,1,2,0
136,1,1,3,0
136,1,1,4,0
136,1,2,1,0
136,1,2,2,0
136,1,2,3,0
136,1,2,4,0
136,2,1,1,0
136,2,1,2,0
136,2,1,3,0
136,2,1,4,0
136,2,2,1,0
136,2,2,2,0
136,2,2,3,0
136,2,2,4,0
137,1,1,1,0
137,1,1,2,0
137,1,1,3,0
137,1,1,4,0
137,1,2,1,0
137,1,2,2,0
137,1,2,3,0
137,1,2,4,0
137,2,1,1,0
137,2,1,2,0
137,2,1,3,0
137,2,1,4,0
137,2,2,1,0
137,2,2,2,0
137,2,2,3,0
137,2,2,4,0
138,1,1,1,237.4
138,1,1,2,254.3
138,1,1,3,289.8
138,1,1,4,240.8
138,1,2,1,277.2
138,1,2,2,179.2
138,1,2,3,299.3
138,1,2,4,270.2
138,2,1,1,272.9
138,2,1,2,256.1
138,2,1,3,221.6
138,2,1,4,135.1
138,2,2,1,170.2
138,2,2,2,193.5
138,2,2,3,261.2
138,2,2,4,206
139,1,1,1,0
139,1,1,2,0
139,1,1,3,0
139,1,1,4,0
139,1,2,1,0
139,1,2,2,0
139,1,2,3,0
139,1,2,4,0
139,2,1,1,0
139,2,1,2,0
139,2,1,3,0
139,2,1,4,0
139,2,2,1,0
139,2,2,2,0
139,2,2,3,0
139,2,2,4,0
140,1,1,1,0
140,1,1,2,0
140,1,1,3,0
140,1,1,4,0
140,1,2,1,0
140,1,2,2,0
140,1,2,3,0
140,1,2,4,0
140,2,1,1,0
140,2,1,2,0
140,2,1,3,0
140,2,1,4,0
140,2,2,1,0
140,2,2,2,0
140,2,2,3,0
140,2,2,4,0
141,1,1,1,0
141,1,1,2,0
141,1,1,3,0
141,1,1,4,0
141,1,2,1,0
141,1,2,2,0
141,1,2,3,0
141,1,2,4,0
141,2,1,1,0
141,2,1,2,0
141,2,1,3,0
141,2,1,4,0
141,2,2,1,0
141,2,2,2,0
141,2,2,3,0
141,2,2,4,0
142,1,1,1,255.4
142,1,1,2,274.3
142,1,1,3,115
142,1,1,4,221.4
142,1,2,1,272.1
142,1,2,2,238.5
142,1,2,3,293.5
142,1,2,4,147.6
142,2,1,1,208.9
142,2,1,2,297.4
142,2,1,3,261.3
142,2,1,4,133.4
142,2,2,1,191.1
142,2,2,2,136
142,2,2,3,237.8
142,2,2,4,197.1
143,1,1,1,0
143,1,1,2,0
143,1,1,3,0
143,1,1,4,0
143,1,2,1,0
143,1,2,2,0
143,1,2,3,0
143,1,2,4,0
143,2,1,1,0
143,2,1,2,0
143,2,1,3,0
143,2,1,4,0
143,2,2,1,0
143,2,2,2,0
143,2,2,3,0
143,2,2,4,0
144,1,1,1,0
144,1,1,2,0
144,1,1,3,0
144,1,1,4,0
144,1,2,1,0
144,1,2,2,0
144,1,2,3,0
144,1,2,4,0
144,2,1,1,0
144,2,1,2,0
144,2,1,3,0
144,2,1,4,0
144,2,2,1,0
144,2,2,2,0
144,2,2,3,0
144,2,2,4,0
145,1,1,1,0
145,1,1,2,0
145,1,1,3,0
145,1,1,4,0
145,1,2,1,0
145,1,2,2,0
145,1,2,3,0
145,1,2,4,0
145,2,1,1,0
145,2,1,2,0
145,2,1,3,0
145,2,1,4,0
145,2,2,1,0
145,2,2,2,0
145,2,2,3,0
145,2,2,4,0
146,1,1,1,157.5
146,1,1,2,145
146,1,1,3,290.6
146,1,1,4,156.6
146,1,2,1,245.4
146,1,2,2,211.3
146,1,2,3,206.1
146,1,2,4,231.2
146,2,1,1,277.9
146,2,1,2,199.9
146,2,1,3,200.6
146,2,1,4,228.6
146,2,2,1,246.9
146,2,2,2,111.7
146,2,2,3,154.4
146,2,2,4,236.1
147,1,1,1,0
147,1,1,2,0
147,1,1,3,0
147,1,1,4,0
147,1,2,1,0
147,1,2,2,0
147,1,2,3,0
147,1,2,4,0
147,2,1,1,0
147,2,1,2,0
147,2,1,3,0
147,2,1,4,0
147,2,2,1,0
147,2,2,2,0
147,2,2,3,0
147,2,2,4,0
148,1,1,1,0
148,1,1,2,0
148,1,1,3,0
148,1,1,4,0
148,1,2,1,0
148,1,2,2,0
148,1,2,3,0
148,1,2,4,0
148,2,1,1,0
148,2,1,2,0
148,2,1,3,0
148,2,1,4,0
148,2,2,1,0
148,2,2,2,0
148,2,2,3,0
148,2,2,4,0
149,1,1,1,0
149,1,1,2,0
149,1,1,3,0
149,1,1,4,0
149,1,2,1,0
149,1,2,2,0
149,1,2,3,0
149,1,2,4,0
149,2,1,1,0
149,2,1,2,0
149,2,1,3,0
149,2,1,4,0
149,2,2,1,0
149,2,2,2,0
149,2,2,3,0
149,2,2,4,0
150,1,1,1,131.8
150,1,1,2,181.9
150,1,1,3,213.4
150,1,1,4,159.3
150,1,2,1,149.7
150,1,2,2,271.5
150,1,2,3,176.4
150,1,2,4,218.1
150,2,1,1,273.2
150,2,1,2,147.2
150,2,1,3,187.3
150,2,1,4,199.7
150,2,2,1,288.8
150,2,2,2,211.9
150,2,2,3,149
150,2,2,4,232.6
151,1,1,1,255.4
151,1,1,2,274.3
151,1,1,3,115
151,1,1,4,221.4
151,1,2,1,272.1
151,1,2,2,238.5
151,1,2,3,293.5
151,1,2,4,147.6
151,2,1,1,208.9
151,2,1,2,297.4
151,2,1,3,261.3
151,2,1,4,133.4
151,2,2,1,191.1
151,2,2,2,136
151,2,2,3,237.8
151,2,2,4,197.1
152,1,1,1,0
152,1,1,2,0
152,1,1,3,0
152,1,1,4,0
152,1,2,1,0
152,1,2,2,0
152,1,2,3,0
152,1,2,4,0
152,2,1,1,0
152,2,1,2,0
152,2,1,3,0
152,2,1,4,0
152,2,2,1,0
152,2,2,2,0
152,2,2,3,0
152,2,2,4,0
153,1,1,1,0
153,1,1,2,0
153,1,1,3,0
153,1,1,4,0
153,1,2,1,0
153,1,2,2,0
153,1,2,3,0
153,1,2,4,0
153,2,1,1,0
153,2,1,2,0
153,2,1,3,0
153,2,1,4,0
153,2,2,1,0
153,2,2,2,0
153,2,2,3,0
153,2,2,4,0
154,1,1,1,0
154,1,1,2,0
154,1,1,3,0
154,1,1,4,0
154,1,2,1,0
154,1,2,2,0
154,1,2,3,0
154,1,2,4,0
154,2,1,1,0
154,2,1,2,0
154,2,1,3,0
154,2,1,4,0
154,2,2,1,0
154,2,2,2,0
154,2,2,3,0
154,2,2,4,0
155,1,1,1,131.8
155,1,1,2,181.9
155,1,1,3,213.4
155,1,1,4,159.3
155,1,2,1,149.7
155,1,2,2,271.5
155,1,2,3,176.4
155,1,2,4,218.1
155,2,1,1,273.2
155,2,1,2,147.2
155,2,1,3,187.3
155,2,1,4,199.7
155,2,2,1,288.8
155,2,2,2,211.9
155,2,2,3,149
155,2,2,4,232.6
156,1,1,1,0
156,1,1,2,0
156,1,1,3,0
156,1,1,4,0
156,1,2,1,0
156,1,2,2,0
156,1,2,3,0
156,1,2,4,0
156,2,1,1,0
156,2,1,2,0
156,2,1,3,0
156,2,1,4,0
156,2,2,1,0
156,2,2,2,0
156,2,2,3,0
156,2,2,4,0
157,1,1,1,0
157,1,1,2,0
157,1,1,3,0
157,1,1,4,0
157,1,2,1,0
157,1,2,2,0
157,1,2,3,0
157,1,2,4,0
157,2,1,1,0
157,2,1,2,0
157,2,1,3,0
157,2,1,4,0
157,2,2,1,0
157,2,2,2,0
157,2,2,3,0
157,2,2,4,0
158,1,1,1,0
158,1,1,2,0
158,1,1,3,0
158,1,1,4,0
158,1,2,1,0
158,1,2,2,0
158,1,2,3,0
158,1,2,4,0
158,2,1,1,0
158,2,1,2,0
158,2,1,3,0
158,2,1,4,0
158,2,2,1,0
158,2,2,2,0
158,2,2,3,0
158,2,2,4,0
159,1,1,1,157.5
159,1,1,2,145
159,1,1,3,290.6
159,1,1,4,156.6
159,1,2,1,245.4
159,1,2,2,211.3
159,1,2,3,206.1
159,1,2,4,231.2
159,2,1,1,277.9
159,2,1,2,199.9
159,2,1,3,200.6
159,2,1,4,228.6
159,2,2,1,246.9
159,2,2,2,111.7
159,2,2,3,154.4
159,2,2,4,236.1
160,1,1,1,0
160,1,1,2,0
160,1,1,3,0
160,1,1,4,0
160,1,2,1,0
160,1,2,2,0
160,1,2,3,0
160,1,2,4,0
160,2,1,1,0
160,2,1,2,0
160,2,1,3,0
160,2,1,4,0
160,2,2,1,0
160,2,2,2,0
160,2,2,3,0
160,2,2,4,0
161,1,1,1,0
161,1,1,2,0
161,1,1,3,0
161,1,1,4,0
161,1,2,1,0
161,1,2,2,0
161,1,2,3,0
161,1,2,4,0
161,2,1,1,0
161,2,1,2,0
161,2,1,3,0
161,2,1,4,0
161,2,2,1,0
161,2,2,2,0
161,2,2,3,0
161,2,2,4,0
162,1,1,1,0
162,1,1,2,0
162,1,1,3,0
162,1,1,4,0
162,1,2,1,0
162,1,2,2,0
162,1,2,3,0
162,1,2,4,0
162,2,1,1,0
162,2,1,2,0
162,2,1,3,0
162,2,1,4,0
162,2,2,1,0
162,2,2,2,0
162,2,2,3,0
162,2,2,4,0
163,1,1,1,237.4
163,1,1,2,254.3
163,1,1,3,289.8
163,1,1,4,240.8
163,1,2,1,277.2
163,1,2,2,179.2
163,1,2,3,299.3
163,1,2,4,270.2
163,2,1,1,272.9
163,2,1,2,256.1
163,2,1,3,221.6
163,2,1,4,135.1
163,2,2,1,170.2
163,2,2,2,193.5
163,2,2,3,261.2
163,2,2,4,206
164,1,1,1,0
164,1,1,2,0
164,1,1,3,0
164,1,1,4,0
164,1,2,1,0
164,1,2,2,0
164,1,2,3,0
164,1,2,4,0
164,2,1,1,0
164,2,1,2,0
164,2,1,3,0
164,2,1,4,0
164,2,2,1,0
164,2,2,2,0
164,2,2,3,0
164,2,2,4,0
165,1,1,1,0
165,1,1,2,0
165,1,1,3,0
165,1,1,4,0
165,1,2,1,0
165,1,2,2,0
165,1,2,3,0
165,1,2,4,0
165,2,1,1,0
165,2,1,2,0
165,2,1,3,0
165,2,1,4,0
165,2,2,1,0
165,2,2,2,0
165,2,2,3,0
165,2,2,4,0
166,1,1,1,0
166,1,1,2,0
166,1,1,3,0
166,1,1,4,0
166,1,2,1,0
166,1,2,2,0
166,1,2,3,0
166,1,2,4,0
166,2,1,1,0
166,2,1,2,0
166,2,1,3,0
166,2,1,4,0
166,2,2,1,0
166,2,2,2,0
166,2,2,3,0
166,2,2,4,0
167,1,1,1,255.4
167,1,1,2,274.3
167,1,1,3,115
167,1,1,4,221.4
167,1,2,1,272.1
167,1,2,2,238.5
167,1,2,3,293.5
167,1,2,4,147.6
167,2,1,1,208.9
167,2,1,2,297.4
167,2,1,3,261.3
167,2,1,4,133.4
167,2,2,1,191.1
167,2,2,2,136
167,2,2,3,237.8
167,2,2,4,197.1
168,1,1,1,0
168,1,1,2,0
168,1,1,3,0
168,1,1,4,0
168,1,2,1,0
168,1,2,2,0
168,1,2,3,0
168,1,2,4,0
168,2,1,1,0
168,2,1,2,0
168,2,1,3,0
168,2,1,4,0
168,2,2,1,0
168,2,2,2,0
168,2,2,3,0
168,2,2,4,0
169,1,1,1,0
169,1,1,2,0
169,1,1,3,0
169,1,1,4,0
169,1,2,1,0
169,1,2,2,0
169,1,2,3,0
169,1,2,4,0
169,2,1,1,0
169,2,1,2,0
169,2,1,3,0
169,2,1,4,0
169,2,2,1,0
169,2,2,2,0
169,2,2,3,0
169,2,2,4,0
170,1,1,1,0
170,1,1,2,0
170,1,1,3,0
170,1,1,4,0
170,1,2,1,0
170,1,2,2,0
170,1,2,3,0
170,1,2,4,0
170,2,1,1,0
170,2,1,2,0
170,2,1,3,0
170,2,1,4,0
170,2,2,1,0
170,2,2,2,0
170,2,2,3,0
170,2,2,4,0
171,1,1,1,157.5
171,1,1,2,145
171,1,1,3,290.6
171,1,1,4,156.6
171,1,2,1,245.4
171,1,2,2,211.3
171,1,2,3,206.1
171,1,2,4,231.2
171,2,1,1,277.9
171,2,1,2,199.9
171,2,1,3,200.6
171,2,1,4,228.6
171,2,2,1,246.9
171,2,2,2,111.7
171,2,2,3,154.4
171,2,2,4,236.1
172,1,1,1,0
172,1,1,2,0
172,1,1,3,0
172,1,1,4,0
172,1,2,1,0
172,1,2,2,0
172,1,2,3,0
172,1,2,4,0
172,2,1,1,0
172,2,1,2,0
172,2,1,3,0
172,2,1,4,0
172,2,2,1,0
172,2,2,2,0
172,2,2,3,0
172,2,2,4,0
173,1,1,1,0
173,1,1,2,0
173,1,1,3,0
173,1,1,4,0
173,1,2,1,0
173,1,2,2,0
173,1,2,3,0
173,1,2,4,0
173,2,1,1,0
173,2,1,2,0
173,2,1,3,0
173,2,1,4,0
173,2,2,1,0
173,2,2,2,0
173,2,2,3,0
173,2,2,4,0
174,1,1,1,0
174,1,1,2,0
174,1,1,3,0
174,1,1,4,0
174,1,2,1,0
174,1,2,2,0
174,1,2,3,0
174,1,2,4,0
174,2,1,1,0
174,2,1,2,0
174,2,1,3,0
174,2,1,4,0
174,2,2,1,0
174,2,2,2,0
174,2,2,3,0
174,2,2,4,0
175,1,1,1,131.8
175,1,1,2,181.9
175,1,1,3,213.4
175,1,1,4,159.3
175,1,2,1,149.7
175,1,2,2,271.5
175,1,2,3,176.4
175,1,2,4,218.1
175,2,1,1,273.2
175,2,1,2,147.2
175,2,1,3,187.3
175,2,1,4,199.7
175,2,2,1,288.8
175,2,2,2,211.9
175,2,2,3,149
175,2,2,4,232.6
176,1,1,1,255.4
176,1,1,2,274.3
176,1,1,3,115
176,1,1,4,221.4
176,1,2,1,272.1
176,1,2,2,238.5
176,1,2,3,293.5
176,1,2,4,147.6
176,2,1,1,208.9
176,2,1,2,297.4
176,2,1,3,261.3
176,2,1,4,133.4
176,2,2,1,191.1
176,2,2,2,136
176,2,2,3,237.8
176,2,2,4,197.1
177,1,1,1,0
177,1,1,2,0
177,1,1,3,0
177,1,1,4,0
177,1,2,1,0
177,1,2,2,0
177,1,2,3,0
177,1,2,4,0
177,2,1,1,0
177,2,1,2,0
177,2,1,3,0
177,2,1,4,0
177,2,2,1,0
177,2,2,2,0
177,2,2,3,0
177,2,2,4,0
178,1,1,1,0
178,1,1,2,0
178,1,1,3,0
178,1,1,4,0
178,1,2,1,0
178,1,2,2,0
178,1,2,3,0
178,1,2,4,0
178,2,1,1,0
178,2,1,2,0
178,2,1,3,0
178,2,1,4,0
178,2,2,1,0
178,2,2,2,0
178,2,2,3,0
178,2,2,4,0
179,1,1,1,0
179,1,1,2,0
179,1,1,3,0
179,1,1,4,0
179,1,2,1,0
179,1,2,2,0
179,1,2,3,0
179,1,2,4,0
179,2,1,1,0
179,2,1,2,0
179,2,1,3,0
179,2,1,4,0
179,2,2,1,0
179,2,2,2,0
179,2,2,3,0
179,2,2,4,0
180,1,1,1,131.8
180,1,1,2,181.9
180,1,1,3,213.4
180,1,1,4,159.3
180,1,2,1,149.7
180,1,2,2,271.5
180,1,2,3,176.4
180,1,2,4,218.1
180,2,1,1,273.2
180,2,1,2,147.2
180,2,1,3,187.3
180,2,1,4,199.7
180,2,2,1,288.8
180,2,2,2,211.9
180,2,2,3,149
180,2,2,4,232.6
181,1,1,1,0
181,1,1,2,0
181,1,1,3,0
181,1,1,4,0
181,1,2,1,0
181,1,2,2,0
181,1,2,3,0
181,1,2,4,0
181,2,1,1,0
181,2,1,2,0
181,2,1,3,0
181,2,1,4,0
181,2,2,1,0
181,2,2,2,0
181,2,2,3,0
181,2,2,4,0
182,1,1,1,0
182,1,1,2,0
182,1,1,3,0
182,1,1,4,0
182,1,2,1,0
182,1,2,2,0
182,1,2,3,0
182,1,2,4,0
182,2,1,1,0
182,2,1,2,0
182,2,1,3,0
182,2,1,4,0
182,2,2,1,0
182,2,2,2,0
182,2,2,3,0
182,2,2,4,0
183,1,1,1,0
183,1,1,2,0
183,1,1,3,0
183,1,1,4,0
183,1,2,1,0
183,1,2,2,0
183,1,2,3,0
183,1,2,4,0
183,2,1,1,0
183,2,1,2,0
183,2,1,3,0
183,2,1,4,0
183,2,2,1,0
183,2,2,2,0
183,2,2,3,0
183,2,2,4,0
184,1,1,1,157.5
184,1,1,2,145
184,1,1,3,290.6
184,1,1,4,156.6
184,1,2,1,245.4
184,1,2,2,211.3
184,1,2,3,206.1
184,1,2,4,231.2
184,2,1,1,277.9
184,2,1,2,199.9
184,2,1,3,200.6
184,2,1,4,228.6
184,2,2,1,246.9
184,2,2,2,111.7
184,2,2,3,154.4
184,2,2,4,236.1
185,1,1,1,0
185,1,1,2,0
185,1,1,3,0
185,1,1,4,0
185,1,2,1,0
185,1,2,2,0
185,1,2,3,0
185,1,2,4,0
185,2,1,1,0
185,2,1,2,0
185,2,1,3,0
185,2,1,4,0
185,2,2,1,0
185,2,2,2,0
185,2,2,3,0
185,2,2,4,0
186,1,1,1,0
186,1,1,2,0
186,1,1,3,0
186,1,1,4,0
186,1,2,1,0
186,1,2,2,0
186,1,2,3,0
186,1,2,4,0
186,2,1,1,0
186,2,1,2,0
186,2,1,3,0
186,2,1,4,0
186,2,2,1,0
186,2,2,2,0
186,2,2,3,0
186,2,2,4,0
187,1,1,1,0
187,1,1,2,0
187,1,1,3,0
187,1,1,4,0
187,1,2,1,0
187,1,2,2,0
187,1,2,3,0
187,1,2,4,0
187,2,1,1,0
187,2,1,2,0
187,2,1,3,0
187,2,1,4,0
187,2,2,1,0
187,2,2,2,0
187,2,2,3,0
187,2,2,4,0
188,1,1,1,237.4
188,1,1,2,254.3
188,1,1,3,289.8
188,1,1,4,240.8
188,1,2,1,277.2
188,1,2,2,179.2
188,1,2,3,299.3
188,1,2,4,270.2
188,2,1,1,272.9
188,2,1,2,256.1
188,2,1,3,221.6
188,2,1,4,135.1
188,2,2,1,170.2
188,2,2,2,193.5
188,2,2,3,261.2
188,2,2,4,206
189,1,1,1,0
189,1,1,2,0
189,1,1,3,0
189,1,1,4,0
189,1,2,1,0
189,1,2,2,0
189,1,2,3,0
189,1,2,4,0
189,2,1,1,0
189,2,1,2,0
189,2,1,3,0
189,2,1,4,0
189,2,2,1,0
189,2,2,2,0
189,2,2,3,0
189,2,2,4,0
190,1,1,1,0
190,1,1,2,0
190,1,1,3,0
190,1,1,4,0
190,1,2,1,0
190,1,2,2,0
190,1,2,3,0
190,1,2,4,0
190,2,1,1,0
190,2,1,2,0
190,2,1,3,0
190,2,1,4,0
190,2,2,1,0
190,2,2,2,0
190,2,2,3,0
190,2,2,4,0
191,1,1,1,0
191,1,1,2,0
191,1,1,3,0
191,1,1,4,0
191,1,2,1,0
191,1,2,2,0
191,1,2,3,0
191,1,2,4,0
191,2,1,1,0
191,2,1,2,0
191,2,1,3,0
191,2,1,4,0
191,2,2,1,0
191,2,2,2,0
191,2,2,3,0
191,2,2,4,0
192,1,1,1,255.4
192,1,1,2,274.3
192,1,1,3,115
192,1,1,4,221.4
192,1,2,1,272.1
192,1,2,2,238.5
192,1,2,3,293.5
192,1,2,4,147.6
192,2,1,1,208.9
192,2,1,2,297.4
192,2,1,3,261.3
192,2,1,4,133.4
192,2,2,1,191.1
192,2,2,2,136
192,2,2,3,237.8
192,2,2,4,197.1
193,1,1,1,0
193,1,1,2,0
193,1,1,3,0
193,1,1,4,0
193,1,2,1,0
193,1,2,2,0
193,1,2,3,0
193,1,2,4,0
193,2,1,1,0
193,2,1,2,0
193,2,1,3,0
193,2,1,4,0
193,2,2,1,0
193,2,2,2,0
193,2,2,3,0
193,2,2,4,0
194,1,1,1,0
194,1,1,2,0
194,1,1,3,0
194,1,1,4,0
194,1,2,1,0
194,1,2,2,0
194,1,2,3,0
194,1,2,4,0
194,2,1,1,0
194,2,1,2,0
194,2,1,3,0
194,2,1,4,0
194,2,2,1,0
194,2,2,2,0
194,2,2,3,0
194,2,2,4,0
195,1,1,1,0
195,1,1,2,0
195,1,1,3,0
195,1,1,4,0
195,1,2,1,0
195,1,2,2,0
195,1,2,3,0
195,1,2,4,0
195,2,1,1,0
195,2,1,2,0
195,2,1,3,0
195,2,1,4,0
195,2,2,1,0
195,2,2,2,0
195,2,2,3,0
195,2,2,4,0
196,1,1,1,157.5
196,1,1,2,145
196,1,1,3,290.6
196,1,1,4,156.6
196,1,2,1,245.4
196,1,2,2,211.3
196,1,2,3,206.1
196,1,2,4,231.2
196,2,1,1,277.9
196,2,1,2,199.9
196,2,1,3,200.6
196,2,1,4,228.6
196,2,2,1,246.9
196,2,2,2,111.7
196,2,2,3,154.4
196,2,2,4,236.1
197,1,1,1,0
197,1,1,2,0
197,1,1,3,0
197,1,1,4,0
197,1,2,1,0
197,1,2,2,0
197,1,2,3,0
197,1,2,4,0
197,2,1,1,0
197,2,1,2,0
197,2,1,3,0
197,2,1,4,0
197,2,2,1,0
197,2,2,2,0
197,2,2,3,0
197,2,2,4,0
198,1,1,1,0
198,1,1,2,0
198,1,1,3,0
198,1,1,4,0
198,1,2,1,0
198,1,2,2,0
198,1,2,3,0
198,1,2,4,0
198,2,1,1,0
198,2,1,2,0
198,2,1,3,0
198,2,1,4,0
198,2,2,1,0
198,2,2,2,0
198,2,2,3,0
198,2,2,4,0
199,1,1,1,0
199,1,1,2,0
199,1,1,3,0
199,1,1,4,0
199,1,2,1,0
199,1,2,2,0
199,1,2,3,0
199,1,2,4,0
199,2,1,1,0
199,2,1,2,0
199,2,1,3,0
199,2,1,4,0
199,2,2,1,0
199,2,2,2,0
199,2,2,3,0
199,2,2,4,0
200,1,1,1,131.8
200,1,1,2,181.9
200,1,1,3,213.4
200,1,1,4,159.3
200,1,2,1,149.7
200,1,2,2,271.5
200,1,2,3,176.4
200,1,2,4,218.1
200,2,1,1,273.2
200,2,1,2,147.2
200,2,1,3,187.3
200,2,1,4,199.7
200,2,2,1,288.8
200,2,2,2,211.9
200,2,2,3,149
200,2,2,4,232.6